,Season,Name,Tm,G,PA,AB,H,1B,2B,3B,HR,R,RBI,BB,IBB,SO,HBP,SF,SH,GDP,SB,CS,AVG,playerId
2073,2017,Jose Martinez,STL,105,307,272,84,56,13,1,14,47,46,32,2,60,0,2,1,9,4,0,0.308823529,7996
2074,2017,Clayton Kershaw,LAD,23,59,49,9,8,1,0,0,6,2,4,0,13,0,0,6,2,0,0,0.183673469,2036
2075,2017,Nick Markakis,ATL,160,670,593,163,115,39,1,8,76,76,68,8,110,6,3,0,16,0,2,0.274873524,5930
2076,2017,David Phelps,MIA,1,1,1,0,0,0,0,0,0,0,0,0,1,0,0,0,0,0,0,0.0,6316
2077,2017,Lorenzo Cain,KCR,155,643,582,174,127,27,5,15,86,49,54,1,100,5,2,0,20,26,2,0.298969072,9077
2078,2017,Melky Cabrera,CHW,98,419,389,113,84,17,0,12,50,53,24,1,51,1,3,2,7,0,0,0.290488431,4022
2079,2017,Jarrod Dyson,SEA,107,381,338,87,66,13,3,5,55,30,28,2,53,9,2,4,3,27,7,0.257396449,4866
2080,2017,Ty Kelly,NYM,1,1,1,0,0,0,0,0,0,0,0,0,1,0,0,0,0,0,0,0.0,7740
2081,2017,Adam Eaton,WSN,23,106,91,27,17,7,1,2,23,13,13,0,18,1,1,0,0,3,1,0.296703296,11205
2082,2017,Adalberto Mondesi,KCR,24,60,53,9,7,1,0,1,4,3,3,0,22,0,0,4,2,5,2,0.16981132,13769
2083,2017,Clay Buchholz,PHI,1,2,2,0,0,0,0,0,0,0,0,0,2,0,0,0,0,0,0,0.0,3543
2084,2017,Geovany Soto,CHW,12,46,41,8,5,0,0,3,5,9,3,0,10,1,1,0,2,0,0,0.195121951,3707
2085,2017,Jered Weaver,SDP,6,10,10,0,0,0,0,0,0,0,0,0,6,0,0,0,1,0,0,0.0,4235
2086,2017,Jarrod Saltalamacchia,TOR,9,23,22,1,1,0,0,0,1,0,1,0,13,0,0,0,0,0,0,0.045454545,5557
2087,2017,Josh Tomlin,CLE,3,7,7,1,1,0,0,0,0,0,0,0,3,0,0,0,0,0,0,0.142857142,9388
2088,2017,Yan Gomes,CLE,104,381,339,79,50,15,0,14,43,56,31,0,98,8,2,1,9,0,0,0.233038348,9627
2089,2017,Shelby Miller,ARI,4,9,6,0,0,0,0,0,2,0,2,0,3,1,0,0,0,0,0,0.0,10197
2090,2017,Ichiro Suzuki,MIA,135,214,195,50,41,6,0,3,19,20,17,1,35,1,0,1,2,1,1,0.256410256,1101
2091,2017,Enny Romero,WSN,1,1,1,0,0,0,0,0,0,0,0,0,1,0,0,0,0,0,0,0.0,4001
2092,2017,Joe Blanton,WSN,1,1,0,0,0,0,0,0,0,0,1,0,0,0,0,0,0,0,0,0.0,4849
2093,2017,Jose Iglesias,DET,128,484,458,117,78,33,0,6,56,53,21,0,62,1,1,3,6,7,4,0.255458515,10231
2094,2017,Adeiny Hechavarria,MIA,20,63,61,18,14,2,1,1,8,5,1,0,8,0,0,1,1,0,0,0.295081967,10459
2095,2017,Trevor Bauer,CLE,2,3,3,0,0,0,0,0,0,0,0,0,1,0,0,0,0,0,0,0.0,12703
2096,2017,Mallex Smith,TBR,81,277,252,69,55,8,4,2,33,11,23,0,60,0,0,2,2,16,5,0.273809523,13608
2097,2017,Adonis Garcia,ATL,52,182,172,40,31,4,0,5,19,19,7,0,23,2,1,0,9,4,0,0.232558139,13777
2098,2017,Corey Kluber,CLE,1,2,2,1,1,0,0,0,0,0,0,0,0,0,0,0,0,0,0,0.5,2429
2099,2017,Luis Avilan,LAD,2,2,2,0,0,0,0,0,0,0,0,0,1,0,0,0,0,0,0,0.0,2882
2100,2017,Chris Young,BOS,87,269,237,56,35,12,2,7,30,25,29,0,54,2,1,0,4,3,2,0.236286919,3882
2101,2017,Brandon Moss,KCR,116,401,362,75,39,14,0,22,41,50,37,0,128,0,2,0,7,2,0,0.20718232,4467
2102,2017,Ben Zobrist,CHC,126,484,423,99,65,19,3,12,57,50,54,2,69,2,3,2,13,2,2,0.234042553,7435
2103,2017,Wade LeBlanc,PIT,3,5,5,1,1,0,0,0,0,1,0,0,3,0,0,0,0,0,0,0.2,5221
2104,2017,Chris Carter,NYY,59,207,183,37,23,5,1,8,20,26,20,0,75,2,2,0,5,0,0,0.202185792,9911
2105,2017,Tony Wolters,COL,78,259,223,54,45,8,1,0,30,16,32,9,53,2,0,2,9,0,1,0.242152466,11470
2106,2017,Cody Reed,CIN,2,2,2,0,0,0,0,0,0,0,0,0,2,0,0,0,0,0,0,0.0,15232
2107,2017,Brandon Finnegan,CIN,4,6,5,0,0,0,0,0,0,0,0,0,1,0,0,1,1,0,0,0.0,16208
2108,2017,Tyler Moore,MIA,98,202,186,43,23,14,0,6,17,30,10,0,56,1,4,1,7,0,0,0.231182795,7244
2109,2017,Travis d'Arnaud,NYM,110,375,347,85,49,19,1,16,39,57,23,3,59,2,3,0,12,0,0,0.244956772,7739
2110,2017,Tim Federowicz,SFG,10,14,13,3,1,0,0,2,3,3,1,0,4,0,0,0,1,0,0,0.23076923,8609
2111,2017,Danny Santana,MIN,11,24,23,4,2,1,0,1,2,1,1,0,8,0,0,0,0,1,0,0.173913043,10322
2112,2017,Pablo Sandoval,BOS,29,101,92,19,13,2,0,4,9,12,8,0,24,0,1,0,4,0,1,0.206521739,5409
2113,2017,Kyle Higashioka,NYY,8,20,18,0,0,0,0,0,2,0,2,0,6,0,0,0,0,0,0,0.0,5517
2114,2017,Zack Wheeler,NYM,14,28,26,2,1,1,0,0,1,0,1,0,12,0,0,1,0,0,0,0.076923076,10310
2115,2017,Zach Lee,SDP,1,3,3,0,0,0,0,0,0,0,0,0,0,0,0,0,0,0,0,0.0,11468
2116,2017,Jarrett Parker,SFG,51,177,166,41,23,12,2,4,14,23,10,2,54,1,0,0,2,2,1,0.246987951,11624
2117,2017,Norichika Aoki,HOU,69,219,198,55,40,12,1,2,28,19,14,1,29,2,4,1,11,5,2,0.277777777,13075
2118,2017,Devon Travis,TOR,49,181,169,45,24,18,0,3,20,21,7,0,35,2,2,1,5,4,2,0.266272189,13862
2119,2017,Yasmany Tomas,ARI,46,178,164,39,19,11,1,8,18,32,13,0,50,0,1,0,2,0,0,0.237804878,17171
2120,2017,Cristhian Adames,COL,12,14,13,0,0,0,0,0,1,0,1,0,6,0,0,0,0,0,0,0.0,6013
2121,2017,Andrew McCutchen,PIT,156,644,565,158,99,30,2,27,92,87,72,5,115,4,3,0,10,10,5,0.279646017,9847
2122,2017,Jimmy Nelson,MIL,27,60,57,6,6,0,0,0,0,2,1,0,35,0,0,2,0,0,0,0.105263157,10547
2123,2017,Tommy Milone,MIL,3,5,4,0,0,0,0,0,0,0,1,0,1,0,0,0,0,0,0,0.0,7608
2124,2017,Keon Broxton,MIL,132,456,408,88,51,14,4,19,65,47,39,1,173,7,1,1,2,20,7,0.215686274,9253
2125,2017,Raimel Tapia,COL,67,168,157,45,29,12,2,2,27,16,8,1,35,2,0,1,3,5,2,0.286624203,14350
2126,2017,Clayton Richard,SDP,31,68,57,7,5,1,0,1,2,4,1,0,31,2,0,8,0,0,0,0.122807017,3551
2127,2017,Drew Storen,CIN,1,1,1,0,0,0,0,0,0,0,0,0,0,0,0,0,0,0,0,0.0,6983
2128,2017,Michael Martinez,CLE,7,14,11,4,3,1,0,0,1,0,2,0,5,0,0,1,0,0,1,0.363636363,7358
2129,2017,Mike Fiers,HOU,2,1,1,0,0,0,0,0,1,0,0,0,1,0,0,0,0,0,0,0.0,7754
2130,2017,Dustin Garneau,COL,22,73,67,14,6,7,0,1,5,6,4,0,24,1,0,1,1,0,0,0.208955223,9433
2131,2017,Raisel Iglesias,CIN,1,1,1,1,0,1,0,0,0,0,0,0,0,0,0,0,0,0,0,1.0,17130
2132,2017,Troy Tulowitzki,TOR,65,258,239,59,42,10,0,7,16,26,17,1,40,1,1,0,10,0,1,0.246861924,3531
2133,2017,Chris Coghlan,TOR,34,84,72,14,11,2,0,1,5,5,8,0,21,2,1,1,2,0,0,0.194444444,6878
2134,2017,Paulo Orlando,KCR,30,90,86,17,12,3,0,2,9,6,1,0,20,2,0,0,3,1,1,0.197674418,8628
2135,2017,Matt Adams,STL,29,50,45,13,10,2,0,1,4,6,4,0,15,0,1,0,0,0,0,0.288888888,9393
2136,2017,Christian Colon,KCR,6,19,17,3,3,0,0,0,1,0,1,0,3,0,0,1,2,0,0,0.176470588,11145
2137,2017,Miguel Montero,CHC,42,102,90,28,21,3,0,4,10,7,10,1,21,2,0,0,3,1,0,0.311111111,3364
2138,2017,Anthony Recker,ATL,4,7,7,1,1,0,0,0,1,0,0,0,1,0,0,0,1,0,0,0.142857142,4063
2139,2017,Rob Segedin,LAD,10,20,20,4,2,2,0,0,3,1,0,0,7,0,0,0,0,0,0,0.2,11446
2140,2017,Orlando Arcia,MIL,151,542,501,138,105,17,1,15,56,53,35,8,99,1,3,2,10,14,7,0.275449101,13185
2141,2017,Joe Mauer,MIN,140,589,518,159,115,36,1,7,69,70,65,3,83,3,3,0,16,2,1,0.306949806,1857
2142,2017,Darwin Barney,TOR,117,353,328,78,58,14,0,6,33,25,17,0,60,2,1,5,13,6,2,0.237804878,2430
2143,2017,Welington Castillo,BAL,94,364,340,96,65,11,0,20,44,53,22,0,97,0,2,0,10,0,0,0.282352941,3256
2144,2017,Brett Anderson,CHC,4,8,7,1,1,0,0,0,0,1,1,0,3,0,0,0,0,0,0,0.142857142,8223
2145,2017,Vidal Nuno,BAL,1,1,1,0,0,0,0,0,0,0,0,0,0,0,0,0,0,0,0,0.0,9674
2146,2017,Adam Rosales,OAK,63,215,197,46,32,11,0,3,13,26,10,0,63,2,3,3,2,1,1,0.233502538,9682
2147,2017,Chris Owings,ARI,96,376,353,94,57,24,1,12,40,48,17,0,85,1,3,2,3,12,2,0.266288951,10030
2148,2017,Mike Foltynewicz,ATL,27,49,42,2,2,0,0,0,1,0,0,0,27,0,0,7,0,0,0,0.047619047,10811
2149,2017,Marco Hernandez,BOS,20,57,56,15,13,2,0,0,7,2,0,0,15,1,0,0,0,0,1,0.267857142,13154
2150,2017,Freddie Freeman,ATL,117,513,439,134,69,35,2,28,84,71,65,14,95,7,2,0,9,7,5,0.305239179,5361
2151,2017,Aaron Hill,SFG,34,78,67,9,5,2,1,1,7,6,11,0,12,0,0,0,2,0,0,0.134328358,6104
2152,2017,Chase d'Arnaud,ATL,9,10,8,3,3,0,0,0,5,0,2,0,3,0,0,0,0,0,0,0.375,6652
2153,2017,Matt Szczur,CHC,14,20,16,3,3,0,0,0,2,2,2,0,4,0,1,1,0,0,0,0.1875,11255
2154,2017,Carl Edwards Jr.,CHC,2,1,1,0,0,0,0,0,1,0,0,0,1,0,0,0,0,0,0,0.0,13607
2155,2017,Albert Almora Jr.,CHC,120,312,288,85,58,18,1,8,38,46,19,1,53,0,2,3,8,1,0,0.295138888,14109
2156,2017,Kirk Nieuwenhuis,MIL,14,28,23,3,1,1,0,1,3,1,4,0,12,1,0,0,0,0,0,0.130434782,6400
2157,2017,Brock Holt,BOS,57,158,134,26,20,6,0,0,20,7,19,0,31,3,2,0,3,2,1,0.19402985,9345
2158,2017,Grant Green,WSN,1,3,3,0,0,0,0,0,0,0,0,0,2,0,0,0,0,0,0,0.0,10053
2159,2017,Scott Schebler,CIN,139,525,468,109,53,25,2,29,62,66,38,5,125,14,5,0,7,5,3,0.232905982,12225
2160,2017,Jett Bandy,MIL,58,183,164,35,23,6,0,6,14,18,15,0,49,4,0,0,4,1,0,0.213414634,12508
2161,2017,Bartolo Colon,ATL,10,15,15,0,0,0,0,0,1,0,0,0,8,0,0,0,1,0,0,0.0,375
2162,2017,Juan Lagares,NYM,89,271,251,63,42,16,2,3,37,15,14,0,55,3,1,2,6,7,3,0.250996015,5384
2163,2017,Wily Peralta,MIL,7,13,11,2,2,0,0,0,0,1,1,0,4,0,0,1,0,0,0,0.181818181,7738
2164,2017,Stephen Cardullo,COL,15,32,28,4,4,0,0,0,2,3,3,0,7,1,0,0,0,0,0,0.142857142,11204
2165,2017,Matt Harvey,NYM,18,36,34,2,2,0,0,0,2,1,1,0,13,0,0,1,3,0,0,0.058823529,11713
2166,2017,Omar Narvaez,CHW,87,290,248,70,58,10,0,2,23,14,38,1,44,1,0,3,8,0,0,0.282258064,13338
2167,2017,Greg Bird,NYY,48,170,147,28,12,7,0,9,20,28,19,0,42,2,2,0,2,0,0,0.19047619,14131
2168,2017,Chris Marrero,SFG,15,41,38,5,4,0,0,1,2,5,2,0,9,0,1,0,4,0,0,0.131578947,2852
2169,2017,Jaime Garcia,ATL,15,35,31,5,3,1,0,1,2,7,1,0,7,0,0,3,0,0,0,0.161290322,8137
2170,2017,Christian Bethancourt,SDP,7,7,7,1,1,0,0,0,0,0,0,0,3,0,0,0,0,0,0,0.142857142,10028
2171,2017,Hector Sanchez,SDP,74,143,137,30,18,4,0,8,14,25,5,1,41,0,1,0,4,0,0,0.218978102,10289
2172,2017,Enrique Hernandez,LAD,137,342,297,64,27,24,2,11,46,37,41,2,80,0,3,1,4,3,0,0.215488215,10472
2173,2017,Mike Freeman,SEA,14,29,26,2,1,0,0,1,3,1,3,1,8,0,0,0,0,0,0,0.076923076,11241
2174,2017,Pete Kozma,NYY,7,10,9,1,1,0,0,0,2,0,1,0,2,0,0,0,0,0,0,0.111111111,2539
2175,2017,Shin-Soo Choo,TEX,149,627,536,142,99,20,1,22,96,78,76,1,130,7,5,3,18,12,3,0.264925373,3174
2176,2017,Avisail Garcia,CHW,135,549,507,170,120,27,5,18,75,79,33,5,108,8,1,0,13,5,3,0.335305719,5760
2177,2017,Steve Selsky,BOS,7,9,9,1,0,1,0,0,0,0,0,0,5,0,0,0,0,0,0,0.111111111,12957
2178,2017,Jacob May,CHW,14,38,32,2,2,0,0,0,2,3,3,0,15,1,0,2,1,0,0,0.0625,14876
2179,2017,Jordan Montgomery,NYY,2,5,3,0,0,0,0,0,0,0,2,0,2,0,0,0,1,0,0,0.0,16511
2180,2017,Ryan Braun,MIL,104,420,376,100,53,28,2,17,55,52,37,2,76,3,4,0,15,11,4,0.265957446,3410
2181,2017,Antonio Bastardo,PIT,1,1,0,0,0,0,0,0,0,0,1,0,0,0,0,0,0,0,0,0.0,8844
2182,2017,Jordy Mercer,PIT,144,552,496,126,83,24,5,14,52,58,51,13,88,3,2,0,15,0,4,0.254032258,6547
2183,2017,Carlos Gonzalez,COL,136,531,467,123,75,34,0,14,72,57,56,3,118,2,6,0,9,3,0,0.263383297,7287
2184,2017,Marcus Stroman,TOR,2,4,4,2,0,1,0,1,2,1,0,0,1,0,0,0,0,0,0,0.5,13431
2185,2017,Carlos Correa,HOU,109,472,413,127,81,22,1,23,80,81,53,5,90,2,4,0,12,2,1,0.307506053,14162
2186,2017,Pat Valaika,COL,105,195,182,47,23,11,0,13,28,40,7,0,53,0,1,5,1,0,0,0.258241758,14885
2187,2017,Khris Davis,OAK,152,645,561,139,68,27,1,43,90,109,72,1,193,6,6,0,20,4,0,0.247771836,9112
2188,2017,Wei-Yin Chen,MIA,4,6,6,0,0,0,0,0,0,0,0,0,2,0,0,0,0,0,0,0.0,13071
2189,2017,Mat Latos,TOR,1,3,3,0,0,0,0,0,0,0,0,0,0,0,0,0,0,0,0,0.0,3815
2190,2017,Scott Van Slyke,LAD,28,48,41,5,2,1,0,2,6,3,7,1,15,0,0,0,0,1,0,0.121951219,4365
2191,2017,Trevor Plouffe,OAK,53,188,171,36,24,5,0,7,22,13,16,1,55,0,1,0,10,1,1,0.210526315,7462
2192,2017,Jedd Gyorko,STL,125,477,422,115,72,21,2,20,52,67,47,1,103,1,7,0,12,6,2,0.272511848,10816
2193,2017,Casey Lawrence,TOR,1,2,1,0,0,0,0,0,0,0,0,0,0,0,0,1,0,0,0,0.0,11121
2194,2017,David Peralta,ARI,138,567,516,151,103,31,3,14,80,56,42,1,93,6,3,0,7,8,4,0.292635658,2136
2195,2017,Ty Kelly,PHI,64,104,88,17,8,7,0,2,11,14,8,0,24,1,3,4,0,0,0,0.193181818,7740
2196,2017,Jaff Decker,OAK,16,57,45,10,8,1,1,0,4,1,8,0,14,1,0,3,1,1,1,0.222222222,7945
2197,2017,Johnny Barbato,PIT,1,1,1,0,0,0,0,0,0,0,0,0,0,0,0,0,0,0,0,0.0,11440
2198,2017,Andrew Romine,DET,107,343,313,72,49,17,2,4,45,25,22,0,67,4,2,2,7,6,4,0.230031948,1159
2199,2017,Matt Kemp,ATL,115,465,436,121,78,23,1,19,47,64,27,5,98,0,1,0,25,0,2,0.277522935,5631
2200,2017,Drew Stubbs,SFG,9,24,22,2,2,0,0,0,0,0,2,0,9,0,0,0,0,0,0,0.09090909,9328
2201,2017,Ryan LaMarre,OAK,3,8,7,0,0,0,0,0,0,0,1,0,3,0,0,0,0,0,0,0.0,10700
2202,2017,Randall Delgado,ARI,7,9,8,0,0,0,0,0,0,0,0,0,3,0,0,1,0,0,0,0.0,5985
2203,2017,Daniel Descalso,ARI,128,392,341,79,48,16,5,10,46,50,45,0,88,4,2,0,6,4,0,0.231671554,8392
2204,2017,Billy Hamilton,CIN,139,618,568,139,108,16,11,4,81,37,43,0,130,0,2,5,5,57,13,0.244718309,10199
2205,2017,Manny Machado,BAL,156,685,625,162,95,33,1,33,81,95,50,3,111,1,9,0,17,9,4,0.2592,11493
2206,2017,Eddie Rosario,MIN,144,583,536,157,95,33,2,27,79,78,35,1,104,0,8,4,10,9,8,0.292910447,12155
2207,2017,Sean Gilmartin,NYM,1,1,1,1,0,1,0,0,1,1,0,0,0,0,0,0,0,0,0,1.0,12781
2208,2017,Boog Powell,SEA,21,42,35,6,6,0,0,0,5,2,6,0,9,0,0,1,1,0,0,0.171428571,15103
2209,2017,Chad Pinder,OAK,83,307,280,67,36,15,1,15,36,42,18,0,91,5,3,0,7,2,1,0.239285714,15191
2210,2017,John Bormann,PIT,1,1,1,0,0,0,0,0,0,0,0,0,1,0,0,0,0,0,0,0.0,18006
2211,2017,Rickie Weeks Jr.,TBR,36,104,89,21,13,6,0,2,13,8,12,0,42,3,0,0,0,1,0,0.235955056,1849
2212,2017,Michael Morse,SFG,24,40,36,7,5,1,0,1,1,3,3,0,14,0,1,0,1,0,0,0.194444444,3035
2213,2017,Brian Duensing,CHC,4,4,4,0,0,0,0,0,0,0,0,0,3,0,0,0,1,0,0,0.0,4064
2214,2017,Jacoby Ellsbury,NYY,111,409,356,94,63,20,4,7,65,39,41,3,63,5,0,2,7,22,3,0.264044943,4727
2215,2017,Luis Valbuena,LAA,116,401,347,69,32,15,0,22,42,65,48,1,106,1,5,0,6,0,2,0.198847262,4969
2216,2017,Alex Cobb,TBR,2,6,6,0,0,0,0,0,0,0,0,0,4,0,0,0,0,0,0,0.0,6562
2217,2017,Ian Desmond,COL,95,369,335,93,74,11,1,7,47,40,24,1,87,4,4,2,12,15,4,0.27761194,6885
2218,2017,Ben Gamel,SEA,134,546,505,138,95,27,5,11,68,58,36,1,120,1,3,1,8,4,1,0.273267326,12160
2219,2017,Jose Abreu,CHW,156,664,612,186,106,43,6,31,92,98,34,6,117,14,4,0,21,3,0,0.303921568,15676
2220,2017,Elias Diaz,PIT,63,200,188,42,27,14,0,1,18,19,11,0,38,0,1,0,8,1,0,0.223404255,11680
2221,2017,Rookie Davis,CIN,6,8,6,1,0,1,0,0,0,0,0,0,5,1,0,1,0,0,0,0.166666666,14962
2222,2017,Jose Lobaton,WSN,48,156,139,23,16,3,0,4,10,11,14,1,34,1,1,1,5,0,0,0.165467625,4243
2223,2017,Colby Rasmus,TBR,37,128,120,34,17,7,1,9,17,23,7,2,45,0,1,0,1,1,0,0.283333333,9893
2224,2017,Gift Ngoepe,PIT,24,57,49,11,8,2,1,0,10,6,7,0,23,0,0,1,0,0,0,0.224489795,10340
2225,2017,Arismendy Alcantara,CIN,66,106,103,18,13,3,1,1,12,7,2,0,38,0,0,1,2,2,0,0.174757281,10711
2226,2017,Cody Asche,CHW,18,59,54,5,3,1,0,1,5,4,3,1,19,2,0,0,1,0,0,0.092592592,11997
2227,2017,Matt Bowman,STL,1,1,0,0,0,0,0,0,0,0,0,0,0,0,0,1,0,0,0,0.0,13528
2228,2017,Braden Shipley,ARI,3,6,6,0,0,0,0,0,0,0,0,0,2,0,0,0,0,0,0,0.0,15158
2229,2017,Carlos Beltran,HOU,129,502,461,108,65,29,0,14,60,50,33,3,102,3,5,0,9,0,0,0.234273318,589
2230,2017,Tuffy Gosewisch,SEA,10,31,28,2,2,0,0,0,1,0,1,0,14,0,0,2,2,0,0,0.071428571,5277
2231,2017,Michael Pineda,NYY,2,3,2,0,0,0,0,0,0,0,0,0,2,0,0,1,0,0,0,0.0,5372
2232,2017,Delino DeShields,TEX,113,432,370,101,78,15,2,6,74,22,43,0,106,3,4,12,2,28,7,0.272972972,11379
2233,2017,Gary Sanchez,NYY,122,523,470,131,78,20,0,33,79,90,40,1,120,9,4,0,8,2,1,0.278723404,11442
2234,2017,Miguel Cabrera,DET,130,524,464,114,77,21,0,16,50,60,54,6,108,3,3,0,15,0,1,0.245689655,1744
2235,2017,Josh Rutledge,BOS,34,117,106,24,21,2,1,0,10,9,9,0,31,2,0,0,1,1,0,0.226415094,11167
2236,2017,A.J. Cole,WSN,9,16,14,2,2,0,0,0,0,0,2,0,5,0,0,0,0,0,0,0.142857142,11467
2237,2017,Hansel Robles,NYM,1,1,0,0,0,0,0,0,0,0,0,0,0,0,0,1,0,0,0,0.0,11801
2238,2017,George Springer,HOU,140,625,544,153,90,29,0,34,111,84,64,1,111,11,4,0,11,5,7,0.28125,12856
2239,2017,Felix Pena,CHC,4,4,3,0,0,0,0,0,0,0,1,0,1,0,0,0,0,0,0,0.0,13403
2240,2017,Robert Stephenson,CIN,14,25,23,1,1,0,0,0,1,0,0,0,15,0,0,2,1,0,0,0.04347826,13594
2241,2017,Rob Refsnyder,NYY,18,40,37,5,3,1,1,0,3,0,3,0,8,0,0,0,0,2,0,0.135135135,13770
2242,2017,Stuart Turner,CIN,34,86,79,10,5,3,0,2,4,7,5,0,21,0,1,1,5,0,0,0.126582278,15207
2243,2017,Josh Harrison,PIT,128,536,480,132,88,26,2,16,66,47,28,2,89,23,3,2,5,12,3,0.275,8202
2244,2017,Francisco Pena,BAL,4,10,10,5,3,0,0,2,3,2,0,0,3,0,0,0,0,0,0,0.5,8298
2245,2017,Adam Wilk,NYM,1,1,1,0,0,0,0,0,0,0,0,0,0,0,0,0,0,0,0,0.0,8421
2246,2017,Peter Bourjos,TBR,77,198,183,42,25,9,3,5,26,15,12,0,51,1,1,1,2,5,4,0.229508196,2578
2247,2017,Roberto Perez,CLE,70,246,216,45,25,12,0,8,22,38,25,0,71,0,1,4,4,0,1,0.208333333,2900
2248,2017,Mike Napoli,TEX,124,480,420,81,41,10,1,29,60,64,49,3,162,7,3,0,10,1,2,0.192857142,3057
2249,2017,Aaron Hicks,NYY,88,359,299,78,46,17,0,15,54,52,51,0,67,3,5,1,8,10,5,0.260869565,5297
2250,2017,Trevor Cahill,SDP,9,17,13,4,3,1,0,0,1,2,1,0,3,0,0,3,0,0,0,0.307692307,6249
2251,2017,Miguel Socolovich,STL,1,1,1,0,0,0,0,0,0,0,0,0,0,0,0,0,0,0,0,0.0,6697
2252,2017,Adam Lind,WSN,114,301,267,81,53,14,0,14,39,59,28,5,47,0,6,0,6,1,0,0.303370786,8027
2253,2017,Nick Martinez,TEX,1,2,1,0,0,0,0,0,0,0,1,0,1,0,0,0,0,0,0,0.0,12730
2254,2017,Andrew Toles,LAD,31,102,96,26,18,3,0,5,17,15,5,0,16,1,0,0,3,0,1,0.270833333,13414
2255,2017,Masahiro Tanaka,NYY,1,3,2,0,0,0,0,0,0,0,0,0,2,0,0,1,0,0,0,0.0,15764
2256,2017,Brian Ellington,MIA,1,1,1,0,0,0,0,0,0,0,0,0,0,0,0,0,0,0,0,0.0,17233
2257,2017,CC Sabathia,NYY,2,4,3,0,0,0,0,0,0,0,1,0,2,0,0,0,0,0,0,0.0,404
2258,2017,Tony Watson,PIT,1,1,1,0,0,0,0,0,0,0,0,0,1,0,0,0,0,0,0,0.0,3132
2259,2017,Jean Machi,SEA,1,1,1,0,0,0,0,0,0,0,0,0,1,0,0,0,0,0,0,0.0,3220
2260,2017,Chase d'Arnaud,BOS,2,1,1,1,1,0,0,0,2,0,0,0,0,0,0,0,0,0,0,1.0,6652
2261,2017,Elvis Andrus,TEX,158,679,633,189,121,44,4,20,99,88,38,0,98,3,4,1,18,25,10,0.298578199,8709
2262,2017,A.J. Griffin,TEX,2,6,5,0,0,0,0,0,0,0,1,0,5,0,0,0,0,0,0,0.0,11132
2263,2017,Drew Pomeranz,BOS,1,1,1,0,0,0,0,0,0,0,0,0,1,0,0,0,0,0,0,0.0,11426
2264,2017,Christopher Bostick,PIT,19,32,27,8,6,2,0,0,6,1,4,0,9,1,0,0,0,0,1,0.296296296,13718
2265,2017,Bruce Maxwell,OAK,75,252,218,52,37,12,0,3,21,22,31,0,62,0,2,1,10,0,0,0.23853211,13866
2266,2017,Carlos Santana,CLE,154,659,564,145,85,36,3,21,87,77,87,6,93,6,2,0,11,5,1,0.257092198,2396
2267,2017,Matt Wieters,WSN,122,463,421,95,65,20,0,10,43,52,37,3,94,1,4,0,14,1,0,0.225653206,4298
2268,2017,Kyle Kendrick,BOS,1,2,1,0,0,0,0,0,0,0,0,0,1,0,0,1,0,0,0,0.0,6230
2269,2017,Yovani Gallardo,SEA,1,2,2,1,1,0,0,0,0,0,0,0,0,0,0,0,0,0,0,0.5,8173
2270,2017,Wade Miley,BAL,2,4,4,1,1,0,0,0,0,0,0,0,1,0,0,0,0,0,0,0.25,8779
2271,2017,Rob Scahill,MIL,1,1,1,0,0,0,0,0,0,0,0,0,1,0,0,0,0,0,0,0.0,9286
2272,2017,Kyle Hendricks,CHC,23,48,48,5,4,1,0,0,3,4,0,0,26,0,0,0,0,0,0,0.104166666,12049
2273,2017,Chad Kuhl,PIT,29,52,48,5,3,2,0,0,2,3,1,0,16,0,0,3,1,0,0,0.104166666,14975
2274,2017,Steve Lombardozzi,MIA,2,8,8,0,0,0,0,0,0,0,0,0,2,0,0,0,0,0,0,0.0,5422
2275,2017,Mike Aviles,MIA,37,96,85,20,17,2,0,1,5,8,6,2,15,2,0,3,3,0,0,0.235294117,5986
2276,2017,Johnny Cueto,SFG,25,52,46,4,4,0,0,0,3,3,1,0,15,0,1,4,0,0,0,0.086956521,6893
2277,2017,Josh Lindblom,PIT,2,2,2,0,0,0,0,0,0,0,0,0,1,0,0,0,0,0,0,0.0,7882
2278,2017,Ryan Schimpf,SDP,53,197,165,26,10,2,0,14,24,25,27,0,70,3,2,0,0,0,0,0.157575757,9953
2279,2017,Steve Pearce,TOR,89,337,303,78,48,16,1,13,38,37,26,1,65,5,3,0,11,0,0,0.257425742,9957
2280,2017,Domingo Santana,MIL,150,602,522,145,87,29,0,29,87,82,71,2,178,6,3,0,12,15,4,0.277777777,10348
2281,2017,Cory Spangenberg,SDP,129,486,444,117,84,18,2,13,57,46,34,1,128,5,1,2,2,11,3,0.263513513,12294
2282,2017,Eddie Butler,CHC,10,18,14,1,1,0,0,0,0,0,1,0,6,0,0,3,0,0,0,0.071428571,13453
2283,2017,Edinson Volquez,MIA,15,30,26,5,5,0,0,0,0,1,1,0,11,0,1,2,0,0,0,0.192307692,3990
2284,2017,Lisalverto Bonilla,CIN,5,8,6,1,1,0,0,0,0,0,1,0,3,1,0,0,0,0,0,0.166666666,11266
2285,2017,Jeimer Candelario,CHC,11,36,33,5,2,2,0,1,2,3,1,0,12,2,0,0,1,0,0,0.151515151,13621
2286,2017,Joey Gallo,TEX,141,525,442,92,30,18,3,41,84,79,75,1,192,8,0,0,3,6,2,0.208144796,14128
2287,2017,Michael Brantley,CLE,90,368,332,99,70,19,1,9,47,51,31,3,49,2,3,0,7,11,1,0.298192771,4106
2288,2017,Austin Romine,NYY,74,252,229,50,38,9,1,2,19,21,16,0,57,2,3,2,7,0,0,0.218340611,5491
2289,2017,Jhan Marinez,MIL,2,2,2,0,0,0,0,0,0,0,0,0,1,0,0,0,0,0,0,0.0,5830
2290,2017,Steven Okert,SFG,1,1,1,0,0,0,0,0,0,0,0,0,1,0,0,0,0,0,0,0.0,13580
2291,2017,Julio Urias,LAD,4,7,6,1,1,0,0,0,0,0,0,0,4,0,0,1,0,0,0,0.166666666,14765
2292,2017,Barrett Astin,CIN,1,1,1,0,0,0,0,0,0,0,0,0,1,0,0,0,0,0,0,0.0,14812
2293,2017,Luis Torrens,SDP,55,139,123,20,16,3,1,0,7,7,12,3,30,1,0,3,4,0,0,0.162601626,15905
2294,2017,Daniel Robertson,CLE,30,88,80,18,12,4,1,1,9,7,7,1,3,0,0,1,6,0,1,0.225,6266
2295,2017,Dan Straily,MIA,30,64,55,4,3,1,0,0,2,1,1,0,33,0,0,8,1,0,0,0.072727272,9460
2296,2017,Nick Franklin,MIL,52,88,81,16,11,2,1,2,7,10,5,0,19,2,0,0,1,2,0,0.197530864,10166
2297,2017,Luis Sardinas,SDP,28,53,49,8,8,0,0,0,3,1,4,0,11,0,0,0,1,1,0,0.163265306,13153
2298,2017,Victor Martinez,DET,107,426,385,97,73,15,0,9,36,45,34,2,62,5,2,0,15,0,0,0.251948051,393
2299,2017,Manny Pina,MIL,103,355,326,92,62,21,0,9,45,43,20,0,79,5,3,1,8,2,0,0.282208588,2829
2300,2017,Tommy Milone,NYM,4,7,5,1,1,0,0,0,0,1,1,0,4,0,0,1,0,0,0,0.2,7608
2301,2017,Tony Sipp,HOU,1,1,1,0,0,0,0,0,0,0,0,0,0,0,0,0,0,0,0,0.0,8280
2302,2017,Dallas Keuchel,HOU,1,3,3,0,0,0,0,0,0,0,0,0,2,0,0,0,0,0,0,0.0,9434
2303,2017,Nolan Arenado,COL,159,673,599,186,99,43,7,37,100,130,62,9,106,4,6,1,20,3,2,0.310517529,9777
2304,2017,Jesus Aguilar,MIL,129,310,278,74,41,15,2,16,40,52,25,1,94,4,3,0,8,0,0,0.26618705,11342
2305,2017,Odubel Herrera,PHI,137,557,520,147,88,42,3,14,67,56,31,4,125,4,2,0,13,7,5,0.282692307,11476
2306,2017,Michael Feliz,HOU,1,1,1,0,0,0,0,0,0,0,0,0,1,0,0,0,0,0,0,0.0,11903
2307,2017,Alen Hanson,PIT,35,59,57,11,9,0,2,0,8,1,2,0,9,0,0,0,0,2,1,0.192982456,12926
2308,2017,Joe Biagini,TOR,2,3,2,0,0,0,0,0,0,1,0,0,0,0,0,1,0,0,0,0.0,13194
2309,2017,Lance McCullers Jr.,HOU,1,3,3,0,0,0,0,0,0,0,0,0,0,0,0,0,0,0,0,0.0,14120
2310,2017,Ryon Healy,OAK,147,596,567,152,101,28,0,23,63,74,23,0,140,4,2,0,16,0,1,0.268077601,15447
2311,2017,Ryan Flaherty,BAL,16,42,37,8,7,1,0,0,5,4,4,0,9,1,0,0,0,0,0,0.216216216,7888
2312,2017,Darrell Ceciliani,TOR,3,5,5,2,0,1,0,1,2,3,0,0,0,0,0,0,0,0,0,0.4,9954
2313,2017,Ryan Tepera,TOR,1,1,1,0,0,0,0,0,0,0,0,0,1,0,0,0,0,0,0,0.0,10291
2314,2017,Jarred Cosart,SDP,6,6,4,0,0,0,0,0,0,0,0,0,2,0,0,2,0,0,0,0.0,10304
2315,2017,Jared Hoying,TEX,28,77,72,16,12,3,0,1,13,7,4,0,23,0,1,0,0,3,0,0.222222222,10882
2316,2017,Nick Hundley,SFG,100,301,285,69,37,23,0,9,27,34,12,2,81,0,2,2,6,0,0,0.242105263,3376
2317,2017,Ricky Nolasco,LAA,3,7,5,0,0,0,0,0,0,0,2,0,2,0,0,0,0,0,0,0.0,3830
2318,2017,Jeremy Hellickson,PHI,20,39,33,3,1,1,1,0,1,2,3,0,9,0,0,3,0,0,0,0.09090909,4371
2319,2017,Paolo Espino,MIL,3,5,4,1,1,0,0,0,0,0,0,0,1,0,0,1,0,0,0,0.25,8246
2320,2017,Danny Espinosa,LAA,74,251,225,37,23,8,0,6,27,29,19,1,90,4,2,1,2,3,5,0.164444444,9219
2321,2017,Josh Phegley,OAK,51,158,146,30,16,11,0,3,14,10,9,0,25,2,1,0,4,0,1,0.205479452,9308
2322,2017,Christian Colon,MIA,15,38,33,5,4,1,0,0,3,0,4,1,7,0,0,1,2,0,0,0.151515151,11145
2323,2017,Brett Eibner,LAD,16,36,33,6,4,0,0,2,3,6,2,0,17,1,0,0,0,0,0,0.181818181,11369
2324,2017,Taijuan Walker,ARI,25,54,52,12,10,1,0,1,6,5,1,0,19,0,0,1,1,0,0,0.23076923,11836
2325,2017,JT Riddle,MIA,68,246,228,57,40,13,1,3,20,31,11,2,50,0,5,2,6,0,2,0.25,17642
2326,2017,Max Scherzer,WSN,30,72,62,10,9,0,0,1,4,5,4,0,16,0,0,6,0,0,0,0.161290322,3137
2327,2017,Dexter Fowler,STL,118,486,415,109,61,22,8,18,68,62,63,6,100,4,4,0,10,7,3,0.262650602,4062
2328,2017,Gerardo Parra,COL,113,421,389,119,84,24,1,10,56,71,19,0,67,4,9,0,13,2,4,0.305912596,8553
2329,2017,Joc Pederson,LAD,101,323,273,58,27,20,0,11,44,35,39,1,68,10,1,0,7,4,3,0.212454212,11899
2330,2017,Alex Meyer,LAA,1,2,2,1,1,0,0,0,0,0,0,0,1,0,0,0,0,0,0,0.5,12833
2331,2017,Jesse Chavez,LAA,3,6,5,0,0,0,0,0,0,0,0,0,5,0,0,1,0,0,0,0.0,5448
2332,2017,Ender Inciarte,ATL,156,717,661,201,158,27,5,11,93,57,49,3,94,0,4,3,8,22,9,0.30408472,4922
2333,2017,Miguel Gonzalez,CHW,3,7,6,0,0,0,0,0,0,0,0,0,2,0,0,1,0,0,0,0.0,7024
2334,2017,Michael Martinez,TBR,12,29,26,2,2,0,0,0,1,0,3,0,10,0,0,0,0,0,0,0.076923076,7358
2335,2017,Danny Ortiz,PIT,8,13,12,1,1,0,0,0,1,0,1,0,1,0,0,0,0,0,0,0.083333333,10317
2336,2017,Chris Heisey,WSN,37,78,73,12,7,3,1,1,8,5,5,0,21,0,0,0,1,0,0,0.164383561,3978
2337,2017,Andrew Miller,CLE,1,1,1,0,0,0,0,0,0,0,0,0,1,0,0,0,0,0,0,0.0,6785
2338,2017,Christian Bergman,SEA,1,1,1,0,0,0,0,0,0,0,0,0,0,0,0,0,0,0,0,0.0,10925
2339,2017,Yasiel Puig,LAD,151,570,499,131,77,24,2,28,72,74,64,8,100,2,5,0,21,15,5,0.26252505,14225
2340,2017,Anthony Alford,TOR,4,8,8,1,0,1,0,0,0,0,0,0,3,0,0,0,0,0,0,0.125,14329
2341,2017,Tyler Glasnow,PIT,14,23,17,5,5,0,0,0,1,3,4,0,7,1,0,1,0,0,0,0.294117647,14374
2342,2017,Emilio Pagan,SEA,1,2,2,0,0,0,0,0,0,0,0,0,1,0,0,0,0,0,0,0.0,14771
2343,2017,Dylan Covey,CHW,1,1,1,0,0,0,0,0,0,0,0,0,1,0,0,0,0,0,0,0.0,14825
2344,2017,Julio Teheran,ATL,35,72,57,8,8,0,0,0,4,6,1,0,17,1,1,12,0,0,0,0.140350877,6797
2345,2017,Jose Quintana,CHW,2,3,2,0,0,0,0,0,0,1,0,0,1,0,1,0,0,0,0,0.0,11423
2346,2017,Miguel Sano,MIN,114,475,417,111,67,15,2,27,74,75,53,5,170,4,1,0,11,0,0,0.26618705,12164
2347,2017,Sam Gaviglio,SEA,2,5,5,1,1,0,0,0,1,0,0,0,2,0,0,0,0,0,0,0.2,12778
2348,2017,Dwight Smith Jr.,TOR,10,29,27,10,8,2,0,0,2,1,1,0,10,1,0,0,0,1,0,0.37037037,13473
2349,2017,Christian Arroyo,SFG,33,135,125,24,16,5,0,3,9,14,8,1,32,1,1,0,4,1,2,0.192,16434
2350,2017,Emilio Bonifacio,ATL,35,44,38,5,3,1,1,0,2,3,1,0,9,0,1,4,1,0,0,0.131578947,4054
2351,2017,Cameron Maybin,LAA,93,385,334,79,53,19,1,6,57,22,48,1,78,2,1,0,11,29,5,0.236526946,5223
2352,2017,Juan Centeno,HOU,18,57,52,12,10,0,0,2,5,4,4,1,12,0,0,1,2,0,0,0.23076923,7168
2353,2017,Cameron Rupp,PHI,88,328,292,63,32,17,0,14,35,34,34,3,112,1,1,0,5,1,0,0.215753424,11146
2354,2017,Vince Velasquez,PHI,14,25,24,6,6,0,0,0,1,1,1,0,4,0,0,0,1,0,0,0.25,11189
2355,2017,Tyler Collins,DET,48,162,145,27,18,3,1,5,17,14,16,0,55,0,1,0,2,0,4,0.186206896,12723
2356,2017,Tyler Anderson,COL,16,33,26,1,1,0,0,0,1,0,1,0,17,0,0,6,1,0,0,0.038461538,12880
2357,2017,Matt Reynolds,NYM,61,129,112,26,22,1,2,1,12,5,14,1,37,2,0,1,2,0,1,0.232142857,13788
2358,2017,Paul Sewald,NYM,2,2,2,0,0,0,0,0,0,0,0,0,1,0,0,0,0,0,0,0.0,13892
2359,2017,Ariel Miranda,SEA,3,6,6,0,0,0,0,0,1,0,0,0,3,0,0,0,0,0,0,0.0,17526
2360,2017,Justin Ruggiano,SFG,19,63,60,13,10,1,0,2,2,4,1,0,17,1,1,0,0,1,1,0.216666666,7620
2361,2017,Nolan Fontana,LAA,10,23,20,1,0,0,0,1,1,1,3,0,8,0,0,0,1,1,1,0.05,13267
2362,2017,Todd Frazier,CHW,80,326,274,58,27,15,0,16,41,44,45,1,69,4,3,0,4,4,3,0.211678832,785
2363,2017,Ryan Hanigan,COL,33,112,101,27,23,2,0,2,9,12,8,2,26,1,1,1,5,0,0,0.267326732,4952
2364,2017,JC Ramirez,LAA,1,3,3,0,0,0,0,0,0,0,0,0,1,0,0,0,0,0,0,0.0,8302
2365,2017,Brett Gardner,NYY,150,680,592,157,106,26,4,21,96,63,72,2,121,8,3,5,4,23,5,0.265202702,9927
2366,2017,Matt Shoemaker,LAA,1,2,2,0,0,0,0,0,0,0,0,0,1,0,0,0,0,0,0,0.0,4776
2367,2017,Mike Trout,LAA,113,500,397,122,61,25,3,33,92,72,92,14,90,7,4,0,8,22,3,0.307304785,10155
2368,2017,Ryan Rua,TEX,52,141,127,28,19,6,0,3,17,12,13,0,51,0,0,1,3,2,1,0.22047244,12409
2369,2017,Ian Happ,CHC,113,406,358,90,47,17,3,23,60,67,38,5,127,4,4,2,11,8,4,0.251396648,17919
2370,2017,Tanner Roark,WSN,29,63,55,5,4,1,0,0,1,0,1,0,22,0,0,7,1,0,0,0.09090909,8753
2371,2017,Jose Torres,SDP,1,1,1,1,1,0,0,0,1,0,0,0,0,0,0,0,0,0,0,1.0,14957
2372,2017,Jhonny Peralta,STL,21,58,54,11,11,0,0,0,3,0,4,0,13,0,0,0,2,0,0,0.203703703,1738
2373,2017,Jonathan Lucroy,TEX,77,304,280,68,49,15,0,4,27,27,18,0,32,4,2,0,10,1,0,0.242857142,7870
2374,2017,Andrelton Simmons,LAA,157,641,584,162,108,38,2,14,77,69,46,0,66,3,8,0,20,19,5,0.27739726,10847
2375,2017,Casey Lawrence,SEA,1,1,1,0,0,0,0,0,0,0,0,0,1,0,0,0,0,0,0,0.0,11121
2376,2017,Jhan Marinez,PIT,4,4,4,1,0,1,0,0,0,0,0,0,3,0,0,0,0,0,0,0.25,5830
2377,2017,Ricardo Pinto,PHI,2,1,1,0,0,0,0,0,1,0,0,0,1,0,0,0,0,0,0,0.0,16318
2378,2017,Jeff Locke,MIA,7,11,10,0,0,0,0,0,0,0,1,0,9,0,0,0,0,0,0,0.0,2929
2379,2017,Kenley Jansen,LAD,4,4,4,2,1,1,0,0,0,1,0,0,0,0,0,0,1,0,0,0.5,3096
2380,2017,Brandon Crawford,SFG,144,570,518,131,82,34,1,14,58,77,42,3,113,1,9,0,18,3,5,0.252895752,5343
2381,2017,Whit Merrifield,KCR,145,627,584,169,112,32,6,19,80,78,29,0,87,6,7,1,13,34,8,0.289383561,11281
2382,2017,Rougned Odor,TEX,162,643,600,120,68,20,3,29,78,74,31,5,160,8,4,0,13,15,6,0.2,12282
2383,2017,Austin Hedges,SDP,119,417,387,83,48,17,0,18,36,55,23,3,122,3,3,1,10,4,1,0.214470284,12976
2384,2017,Addison Russell,CHC,104,372,340,83,48,20,3,12,51,41,29,5,88,3,0,0,5,2,1,0.244117647,14106
2385,2017,Hunter Renfroe,SDP,121,479,445,103,51,25,1,26,51,58,27,1,140,6,1,0,4,3,0,0.231460674,15464
2386,2017,Mike Leake,STL,26,55,47,8,7,1,0,0,2,4,3,0,15,0,0,5,2,0,0,0.170212765,10130
2387,2017,Adam Duvall,CIN,155,638,579,142,71,37,3,31,75,96,39,1,169,10,10,0,11,5,3,0.245250431,10950
2388,2017,Billy Burns,KCR,5,6,6,1,1,0,0,0,1,0,0,0,1,0,0,0,0,0,1,0.166666666,12701
2389,2017,Chase Utley,LAD,125,353,309,73,41,20,4,8,43,34,32,0,57,9,2,1,3,6,1,0.236245954,1679
2390,2017,John Hicks,DET,59,190,173,46,28,12,0,6,25,22,13,0,51,3,1,0,5,2,1,0.265895953,12547
2391,2017,Sam Freeman,ATL,2,2,2,0,0,0,0,0,0,0,0,0,1,0,0,0,0,0,0,0.0,6832
2392,2017,Willson Contreras,CHC,117,421,370,102,61,21,0,20,49,70,45,2,95,3,2,1,12,5,3,0.275675675,11609
2393,2017,Brett Phillips,MIL,32,98,87,24,17,3,0,4,9,12,9,2,34,1,0,1,0,5,0,0.275862068,14735
2394,2017,Jose Bautista,TOR,154,669,572,115,67,26,0,22,89,63,82,3,163,8,7,0,16,6,3,0.201048951,1887
2395,2017,Stephen Vogt,OAK,52,168,151,33,20,8,1,4,12,20,16,1,30,0,1,0,1,0,1,0.218543046,5000
2396,2017,Eduardo Escobar,MIN,128,495,454,114,73,16,5,20,61,72,32,3,98,5,3,1,5,5,0,0.251101321,6153
2397,2017,Lonnie Chisenhall,CLE,81,268,234,68,38,17,1,12,34,53,25,2,54,3,3,3,6,2,2,0.29059829,7571
2398,2017,Eric Fryer,STL,33,83,71,11,8,3,0,0,7,3,11,0,18,1,0,0,3,0,0,0.154929577,8145
2399,2017,Tom Wilhelmsen,ARI,1,1,1,0,0,0,0,0,0,0,0,0,1,0,0,0,0,0,0,0.0,9975
2400,2017,Tim Adleman,CIN,18,32,29,3,2,1,0,0,0,2,0,0,10,0,0,3,0,0,0,0.103448275,10968
2401,2017,Tyler Smith,SEA,8,19,16,3,2,1,0,0,2,1,1,0,8,1,1,0,0,0,0,0.1875,12490
2402,2017,Mike Clevinger,CLE,2,3,2,0,0,0,0,0,0,0,0,0,1,0,0,1,0,0,0,0.0,12808
2403,2017,Luke Maile,TOR,45,131,126,19,12,5,0,2,10,6,3,0,33,2,0,0,2,1,0,0.15079365,13355
2404,2017,Michael Lorenzen,CIN,12,12,12,2,1,0,0,1,1,1,0,0,5,0,0,0,0,0,0,0.166666666,14843
2405,2017,Russell Martin,TOR,90,355,299,67,42,12,0,13,48,34,48,0,80,7,0,1,13,1,2,0.224080267,4616
2406,2017,Mark Trumbo,BAL,146,598,554,129,85,21,0,23,79,65,42,0,147,1,1,0,13,1,0,0.232851985,6876
2407,2017,Jeremy Hazelbaker,ARI,35,60,51,17,11,2,2,2,9,10,9,2,20,0,0,0,0,1,0,0.333333333,9399
2408,2017,Michael Saunders,PHI,61,209,195,40,24,9,1,6,25,20,13,2,51,1,0,0,2,0,1,0.205128205,9981
2409,2017,Lane Adams,ATL,78,122,109,30,20,4,1,5,19,20,10,0,37,1,1,1,3,10,0,0.275229357,10767
2410,2017,Kyle Freeland,COL,28,56,52,8,6,1,0,1,3,2,1,0,30,0,0,3,0,0,0,0.153846153,16256
2411,2017,Jason Heyward,CHC,123,472,424,110,80,15,4,11,57,59,40,1,66,3,2,2,8,4,4,0.259433962,4940
2412,2017,Scott Feldman,CIN,17,35,33,1,1,0,0,0,0,0,0,0,16,0,0,2,0,0,0,0.03030303,6283
2413,2017,Chris Iannetta,ARI,87,312,268,67,31,19,0,17,36,43,37,0,86,6,1,0,3,0,0,0.25,8267
2414,2017,Denard Span,SFG,128,542,497,135,87,31,5,12,73,43,40,0,69,3,1,1,11,11,7,0.271629778,8347
2415,2017,Alec Asher,BAL,1,1,1,0,0,0,0,0,0,0,0,0,0,0,0,0,0,0,0,0.0,13560
2416,2017,Blake Wood,CIN,1,1,1,0,0,0,0,0,0,0,0,0,1,0,0,0,0,0,0,0.0,1345
2417,2017,Andrew Cashner,TEX,2,7,5,1,1,0,0,0,0,1,0,0,2,0,1,1,0,0,0,0.2,8782
2418,2017,Chris Rusin,COL,8,9,8,3,3,0,0,0,1,0,0,0,2,0,0,1,0,0,0,0.375,9895
2419,2017,Jake Buchanan,CIN,2,3,2,1,1,0,0,0,1,1,1,0,1,0,0,0,0,0,0,0.5,10962
2420,2017,Kyle Barraclough,MIA,1,1,1,0,0,0,0,0,0,0,0,0,1,0,0,0,0,0,0,0.0,13713
2421,2017,Ryan Raburn,WSN,25,69,65,17,12,1,2,2,7,6,4,0,25,0,0,0,1,0,1,0.261538461,2218
2422,2017,Franklin Gutierrez,LAD,34,63,56,13,9,3,0,1,8,8,7,0,16,0,0,0,2,0,1,0.232142857,3255
2423,2017,Brian McCann,HOU,97,392,342,83,53,12,1,17,46,61,38,3,57,7,5,0,9,1,0,0.242690058,4810
2424,2017,Martin Perez,TEX,2,6,6,0,0,0,0,0,0,0,0,0,6,0,0,0,0,0,0,0.0,6902
2425,2017,Ian Kennedy,KCR,2,4,3,1,1,0,0,0,0,0,1,0,0,0,0,0,0,0,0,0.333333333,6986
2426,2017,Danny Santana,ATL,66,152,143,29,15,9,2,3,16,22,7,1,33,1,0,1,2,6,0,0.202797202,10322
2427,2017,Phil Gosselin,PIT,28,42,40,6,5,1,0,0,3,2,2,0,9,0,0,0,1,0,1,0.15,10953
2428,2017,Austin Bibens-Dirkx,TEX,2,3,3,0,0,0,0,0,0,0,0,0,3,0,0,0,0,0,0,0.0,9559
2429,2017,Jakob Junis,KCR,1,3,3,0,0,0,0,0,0,0,0,0,3,0,0,0,0,0,0,0.0,13619
2430,2017,Bronson Arroyo,CIN,15,29,26,4,4,0,0,0,0,0,0,0,10,0,0,3,0,0,0,0.153846153,978
2431,2017,Jacob Turner,WSN,6,8,5,0,0,0,0,0,0,0,1,0,2,0,0,2,0,0,0,0.0,10185
2432,2017,Hyun Soo Kim,BAL,54,142,125,29,24,4,0,1,11,10,12,0,27,2,2,0,2,0,0,0.232,18718
2433,2017,Lance Lynn,STL,29,59,52,4,2,2,0,0,2,0,1,0,24,1,0,5,1,0,0,0.076923076,2520
2434,2017,Neil Ramirez,NYM,1,1,1,0,0,0,0,0,0,0,0,0,1,0,0,0,0,0,0,0.0,7677
2435,2017,Jason Vargas,KCR,1,4,4,1,1,0,0,0,0,0,0,0,1,0,0,0,0,0,0,0.25,8044
2436,2017,Josh Smoker,NYM,2,3,3,0,0,0,0,0,0,0,0,0,2,0,0,0,0,0,0,0.0,10285
2437,2017,Tyler Lyons,STL,2,2,1,0,0,0,0,0,0,0,1,0,1,0,0,0,0,0,0,0.0,11334
2438,2017,Nick Castellanos,DET,157,655,605,165,94,35,10,26,73,101,41,0,141,4,5,0,12,4,5,0.272727272,11737
2439,2017,Max Kepler,MIN,144,562,505,123,70,32,2,19,67,69,47,2,113,6,3,1,5,5,1,0.243564356,12144
2440,2017,Jharel Cotton,OAK,1,2,2,0,0,0,0,0,0,0,0,0,1,0,0,0,0,0,0,0.0,13654
2441,2017,Marco Gonzales,STL,1,1,1,1,1,0,0,0,0,0,0,0,0,0,0,0,0,0,0,1.0,15467
2442,2017,Ryan Goins,TOR,132,448,408,97,68,20,1,8,35,58,30,0,94,0,5,5,14,3,2,0.237745098,9807
2443,2017,Wil Myers,SDP,155,649,567,138,76,29,3,30,80,74,70,3,180,5,7,0,15,20,6,0.243386243,10047
2444,2017,Tomas Telis,MIA,47,111,104,25,17,5,3,0,13,9,3,0,10,3,1,0,1,0,0,0.240384615,10067
2445,2017,Jurickson Profar,TEX,21,70,58,10,8,2,0,0,8,5,9,0,14,1,0,2,0,1,1,0.172413793,10815
2446,2017,David Washington,BAL,3,6,6,0,0,0,0,0,0,0,0,0,5,0,0,0,0,0,0,0.0,12110
2447,2017,T.J. Rivera,NYM,72,230,213,62,43,13,1,5,27,27,9,0,31,5,2,1,4,1,0,0.291079812,12495
2448,2017,Taylor Featherston,TBR,17,47,39,7,4,1,0,2,6,6,5,0,15,1,2,0,1,1,0,0.179487179,12590
2449,2017,Brian Johnson,BOS,1,2,2,0,0,0,0,0,0,0,0,0,0,0,0,0,0,0,0,0.0,14272
2450,2017,Mitch Haniger,SEA,95,404,365,101,59,24,2,16,55,47,30,0,93,9,0,0,9,5,4,0.276712328,14274
2451,2017,Max Moroff,PIT,54,140,120,24,16,4,1,3,19,21,16,0,43,2,1,1,0,0,1,0.2,14556
2452,2017,Hector Velazquez,BOS,1,1,1,0,0,0,0,0,0,0,0,0,0,0,0,0,0,0,0,0.0,19341
2453,2017,Chris Sale,BOS,1,3,3,1,0,1,0,0,0,0,0,0,1,0,0,0,0,0,0,0.333333333,10603
2454,2017,Jesus Sucre,TBR,58,192,176,45,32,6,0,7,20,29,7,0,35,3,4,2,6,2,0,0.255681818,5942
2455,2017,Steven Matz,NYM,14,24,21,3,3,0,0,0,1,1,0,0,7,0,0,3,0,0,0,0.142857142,13361
2456,2017,Antonio Senzatela,COL,20,39,32,4,3,1,0,0,1,5,0,0,20,0,0,7,0,0,0,0.125,15488
2457,2017,Yuli Gurriel,HOU,139,560,525,156,95,43,1,17,67,74,22,1,60,7,6,0,12,3,2,0.297142857,19198
2458,2017,Jorge De La Rosa,ARI,2,2,0,0,0,0,0,0,1,0,0,0,0,0,0,2,0,0,0,0.0,2047
2459,2017,Josh Ravin,LAD,2,2,1,0,0,0,0,0,0,0,0,0,0,0,0,1,0,0,0,0.0,2951
2460,2017,J.D. Martinez,DET,57,229,200,61,30,13,2,16,37,39,26,5,54,0,3,0,10,2,0,0.305,6184
2461,2017,Chase d'Arnaud,SDP,22,51,49,7,4,2,0,1,5,3,2,1,17,0,0,0,0,5,1,0.142857142,6652
2462,2017,Austin Brice,CIN,3,3,3,0,0,0,0,0,0,0,0,0,2,0,0,0,0,0,0,0.0,17237
2463,2017,Justin Turner,LAD,130,543,457,147,94,32,0,21,72,71,59,5,56,19,7,1,12,7,1,0.321663019,5235
2464,2017,Robbie Ray,ARI,25,60,52,13,11,2,0,0,5,2,3,0,23,0,0,5,0,0,0,0.25,11486
2465,2017,Ty Blach,SFG,24,53,44,10,7,2,0,1,5,7,4,0,21,0,1,4,1,0,0,0.227272727,14361
2466,2017,Kelby Tomlinson,SFG,100,219,191,48,41,4,2,1,31,11,23,2,46,0,3,2,8,9,1,0.2513089,13005
2467,2017,Zack Greinke,ARI,29,69,61,13,9,4,0,0,4,4,2,0,18,1,0,5,0,0,0,0.213114754,1943
2468,2017,Jhoulys Chacin,SDP,32,61,54,12,10,2,0,0,0,4,0,0,11,0,0,7,2,1,0,0.222222222,2608
2469,2017,Jeff Mathis,ARI,59,199,183,40,26,10,2,2,13,10,13,1,60,2,0,1,6,1,0,0.218579234,3448
2470,2017,Eric Thames,MIL,137,541,462,114,54,26,4,30,81,62,72,5,162,7,0,0,6,4,2,0.246753246,3711
2471,2017,Trevor Plouffe,TBR,41,111,99,17,13,2,0,2,9,4,11,1,30,1,0,0,2,0,1,0.171717171,7462
2472,2017,Matt Carpenter,STL,144,618,495,119,63,31,2,23,89,69,107,4,125,9,5,2,5,2,1,0.24040404,8090
2473,2017,Travis Wood,KCR,1,1,1,0,0,0,0,0,0,0,0,0,0,0,0,0,1,0,0,0.0,9884
2474,2017,Chad Huffman,STL,12,15,14,4,3,0,1,0,3,0,1,0,6,0,0,0,0,0,0,0.285714285,5311
2475,2017,Paul Janish,BAL,10,28,26,2,2,0,0,0,0,3,1,0,6,0,0,1,1,0,0,0.076923076,7412
2476,2017,Jordan Lyles,COL,5,5,5,1,1,0,0,0,0,0,0,0,3,0,0,0,0,0,0,0.2,7593
2477,2017,Tyler Pill,NYM,3,5,5,0,0,0,0,0,0,0,0,0,1,0,0,0,0,0,0,0.0,12751
2478,2017,Trevor Williams,PIT,25,47,41,2,2,0,0,0,1,0,2,0,17,0,0,4,1,0,0,0.048780487,16977
2479,2017,Pedro Baez,LAD,2,2,1,0,0,0,0,0,0,1,1,0,1,0,0,0,0,0,0,0.0,5420
2480,2017,Ian Krol,ATL,1,1,1,0,0,0,0,0,0,0,0,0,0,0,0,0,0,0,0,0.0,10066
2481,2017,Erik Gonzalez,CLE,42,115,110,28,18,6,0,4,18,11,3,0,37,0,1,1,1,1,2,0.254545454,13369
2482,2017,Derek Norris,TBR,52,191,172,35,21,5,0,9,21,24,12,0,46,3,4,0,4,1,0,0.203488372,6867
2483,2017,Michael Fulmer,DET,2,5,5,0,0,0,0,0,0,0,0,0,2,0,0,0,1,0,0,0.0,13218
2484,2017,Ian Parmley,TOR,1,4,3,0,0,0,0,0,0,0,0,0,1,0,0,1,0,0,0,0.0,13821
2485,2017,Wilson Ramos,TBR,62,218,202,52,35,6,0,11,19,35,10,2,36,0,3,0,10,0,0,0.257425742,1433
2486,2017,Anibal Sanchez,DET,1,2,2,0,0,0,0,0,0,0,0,0,1,0,0,0,0,0,0,0.0,3284
2487,2017,Martin Prado,MIA,37,144,137,34,24,8,0,2,13,12,6,0,22,0,1,0,4,0,0,0.248175182,3312
2488,2017,Adam Jones,BAL,147,630,592,168,114,28,1,25,80,72,27,1,112,7,3,1,18,2,1,0.283783783,6368
2489,2017,Ryder Jones,SFG,52,164,150,26,17,5,2,2,12,5,10,3,52,4,0,0,3,1,0,0.173333333,15982
2490,2017,Dinelson Lamet,SDP,19,38,35,3,3,0,0,0,0,0,0,0,22,0,0,3,0,0,0,0.085714285,17186
2491,2017,Fernando Salas,NYM,2,2,2,1,1,0,0,0,0,0,0,0,1,0,0,0,0,0,0,0.5,4971
2492,2017,Justin Smoak,TOR,153,617,540,146,78,29,1,38,84,89,73,3,124,2,2,0,16,0,1,0.27037037,9054
2493,2017,Paul Goldschmidt,ARI,154,651,546,160,92,32,3,33,110,114,92,15,142,8,4,0,14,18,5,0.293040293,9218
2494,2017,Jay Bruce,NYM,103,445,404,103,54,20,0,29,61,74,38,0,102,1,2,0,9,0,1,0.254950495,9892
2495,2017,Mike Freeman,LAD,4,5,5,0,0,0,0,0,0,0,0,0,2,0,0,0,0,0,0,0.0,11241
2496,2017,Luke Jackson,ATL,3,3,2,0,0,0,0,0,0,0,0,0,0,0,0,1,0,0,0,0.0,11752
2497,2017,Mason Williams,NYY,5,17,16,4,4,0,0,0,3,1,1,0,2,0,0,0,0,2,0,0.25,11859
2498,2017,Aaron Judge,NYY,154,676,540,153,75,23,3,52,128,114,127,11,207,5,4,0,15,9,4,0.283333333,15640
2499,2017,Mark Zagunis,CHC,7,18,14,0,0,0,0,0,0,1,4,0,6,0,0,0,0,2,0,0.0,16565
2500,2017,Brandon Guyer,CLE,64,190,163,39,29,7,1,2,23,20,15,0,42,8,2,2,4,2,0,0.239263803,2636
2501,2017,Bryce Harper,WSN,111,485,414,132,76,27,1,28,93,85,67,11,99,1,3,0,15,4,2,0.318840579,11579
2502,2017,Nick Ahmed,ARI,52,171,161,39,25,7,1,6,21,19,9,3,38,1,0,0,6,1,4,0.242236024,12147
2503,2017,Adam Morgan,PHI,2,3,2,1,1,0,0,0,0,0,1,0,1,0,0,0,0,0,0,0.5,12580
2504,2017,Luke Voit,STL,59,124,114,28,15,9,0,4,18,18,7,0,31,3,0,0,4,0,0,0.245614035,14811
2505,2017,Paul DeJong,STL,108,443,417,119,67,26,1,25,55,65,21,1,124,4,1,0,8,1,0,0.285371702,18015
2506,2017,Howie Kendrick,PHI,39,155,140,48,37,8,1,2,16,16,11,0,29,3,1,0,4,8,3,0.342857142,4229
2507,2017,Junior Guerra,MIL,12,21,16,0,0,0,0,0,0,0,0,0,4,0,0,5,0,0,0,0.0,5702
2508,2017,Brandon Nimmo,NYM,68,215,177,46,29,11,1,5,26,21,33,1,60,2,2,1,3,2,0,0.259887005,12927
2509,2017,Franchy Cordero,SDP,30,99,92,21,12,3,3,3,15,9,6,0,44,0,0,1,0,1,1,0.228260869,14567
2510,2017,Adam Wainwright,STL,24,49,41,11,7,2,0,2,7,11,1,0,14,0,0,7,2,0,0,0.268292682,2233
2511,2017,George Kontos,SFG,2,2,2,0,0,0,0,0,0,0,0,0,1,0,0,0,0,0,0,0.0,9486
2512,2017,Joe Panik,SFG,138,573,511,147,104,28,5,10,60,53,46,4,54,5,8,3,10,4,1,0.287671232,11936
2513,2017,Tom Murphy,COL,11,26,24,1,0,1,0,0,1,1,2,1,9,0,0,0,0,0,0,0.041666666,13499
2514,2017,Blake Snell,TBR,3,7,5,0,0,0,0,0,0,0,1,0,1,0,0,1,0,0,0,0.0,13543
2515,2017,Miguel Andujar,NYY,3,8,7,4,2,2,0,0,0,4,1,0,0,0,0,0,0,1,0,0.571428571,15878
2516,2017,Ariel Hernandez,CIN,2,2,2,0,0,0,0,0,0,0,0,0,1,0,0,0,0,0,0,0.0,15603
2517,2017,Jefry Marte,LAA,43,143,125,22,13,5,0,4,10,14,13,0,34,4,1,0,2,1,0,0.176,5107
2518,2017,Christian Vazquez,BOS,92,339,318,91,67,17,2,5,43,31,17,0,64,3,1,0,14,7,2,0.286163522,9774
2519,2017,Alen Hanson,CHW,63,175,160,37,23,9,1,4,28,10,10,0,43,1,3,1,5,9,2,0.23125,12926
2520,2017,Tom Koehler,MIA,11,21,21,1,1,0,0,0,0,0,0,0,15,0,0,0,0,0,0,0.047619047,6570
2521,2017,Shane Peterson,TBR,28,84,76,20,13,5,0,2,9,11,4,0,19,2,1,0,2,2,0,0.263157894,7423
2522,2017,Dustin Pedroia,BOS,104,449,395,114,88,19,0,7,44,62,46,3,48,2,4,2,11,4,2,0.288607594,8370
2523,2017,Matthew den Dekker,DET,3,8,7,1,1,0,0,0,1,0,1,0,4,0,0,0,0,0,0,0.142857142,11385
2524,2017,Jackson Stephens,CIN,4,6,6,2,2,0,0,0,1,2,0,0,2,0,0,0,0,0,0,0.333333333,14420
2525,2017,Dillon Overton,SDP,1,1,1,0,0,0,0,0,0,0,0,0,1,0,0,0,0,0,0,0.0,15627
2526,2017,Pete Kozma,TEX,22,40,35,4,3,0,0,1,4,2,2,0,17,2,0,1,0,0,1,0.114285714,2539
2527,2017,Carlos Gomez,TEX,105,421,364,92,51,23,1,17,50,51,30,0,127,19,5,3,3,12,5,0.252747252,4881
2528,2017,Alex Avila,DET,73,260,216,59,38,10,0,11,30,31,42,2,79,1,1,0,6,0,1,0.273148148,7476
2529,2017,Francisco Lindor,CLE,159,713,642,176,95,44,4,33,98,89,59,6,90,4,3,5,11,15,3,0.274143302,12916
2530,2017,Deven Marrero,BOS,62,186,169,36,23,9,0,4,32,27,12,0,60,0,2,3,8,5,0,0.213017751,13325
2531,2017,Austin Slater,SFG,34,125,115,32,26,2,1,3,15,16,8,0,29,2,0,0,3,0,0,0.278260869,16153
2532,2017,Michael Blazek,MIL,2,2,2,0,0,0,0,0,0,0,0,0,1,0,0,0,1,0,0,0.0,9654
2533,2017,Jimmy Yacabonis,BAL,1,2,2,0,0,0,0,0,0,1,0,0,1,0,0,0,0,0,0,0.0,15157
2534,2017,Ubaldo Jimenez,BAL,3,5,5,1,1,0,0,0,0,0,0,0,3,0,0,0,0,0,0,0.2,3374
2535,2017,Chris Archer,TBR,3,8,8,2,2,0,0,0,1,1,0,0,3,0,0,0,1,0,0,0.25,6345
2536,2017,Hunter Pence,SFG,133,537,491,127,97,12,5,13,54,67,40,1,101,2,4,0,8,2,3,0.258655804,8252
2537,2017,Joe Ross,WSN,17,36,32,5,3,2,0,0,1,0,1,0,16,0,0,3,1,0,0,0.15625,12972
2538,2017,Gregor Blanco,ARI,78,245,214,51,36,9,3,3,42,13,30,0,59,0,0,1,2,14,1,0.238317757,3123
2539,2017,Matt Garza,MIL,20,35,33,3,3,0,0,0,1,1,0,0,13,1,0,1,0,0,0,0.09090909,3340
2540,2017,Daniel Nava,PHI,79,213,182,55,42,8,1,4,21,21,26,0,38,3,2,0,2,1,0,0.302197802,5450
2541,2017,Adeiny Hechavarria,TBR,76,278,262,67,44,12,4,7,29,24,12,1,57,1,2,1,6,4,0,0.25572519,10459
2542,2017,Matt Szczur,SDP,95,214,176,40,24,11,2,3,26,15,32,0,40,4,0,2,2,0,2,0.227272727,11255
2543,2017,Chris Devenski,HOU,1,1,1,0,0,0,0,0,0,0,0,0,1,0,0,0,0,0,0,0.0,12763
2544,2017,Gerrit Cole,PIT,32,68,55,9,7,1,0,1,3,3,1,0,21,0,0,12,1,0,0,0.163636363,13125
2545,2017,Jayson Aquino,BAL,1,2,2,0,0,0,0,0,0,0,0,0,2,0,0,0,0,0,0,0.0,13150
2546,2017,Mike Tauchman,COL,29,32,27,6,5,0,1,0,2,2,5,0,10,0,0,0,1,1,2,0.222222222,15274
2547,2017,Stephen Vogt,MIL,45,129,122,31,16,7,0,8,13,20,5,0,25,0,1,1,1,0,0,0.25409836,5000
2548,2017,Jose Pirela,SDP,82,344,312,90,51,25,4,10,43,40,27,0,71,2,2,1,8,4,3,0.288461538,5485
2549,2017,Yadiel Rivera,MIL,1,2,2,0,0,0,0,0,0,0,0,0,1,0,0,0,0,0,0,0.0,11863
2550,2017,Corey Seager,LAD,145,613,539,159,104,33,0,22,85,77,67,5,131,4,3,0,14,4,1,0.294990723,13624
2551,2017,Sal Romano,CIN,15,30,24,1,0,1,0,0,0,0,1,0,15,0,0,5,1,0,0,0.041666666,13690
2552,2017,Michael Wacha,STL,28,55,46,2,2,0,0,0,3,3,1,0,22,0,1,7,2,0,0,0.04347826,14078
2553,2017,Alex Bregman,HOU,153,617,547,155,92,39,5,19,87,70,55,2,96,7,7,1,15,17,5,0.283363802,17678
2554,2017,Miguel Montero,TOR,32,101,87,12,7,3,0,2,12,8,12,0,23,1,1,0,3,0,0,0.137931034,3364
2555,2017,Derek Holland,CHW,1,1,1,1,1,0,0,0,0,0,0,0,0,0,0,0,0,0,0,1.0,4141
2556,2017,Jason Hammel,KCR,3,9,8,0,0,0,0,0,0,0,0,0,2,0,0,1,1,0,0,0.0,4538
2557,2017,Ryan Lavarnway,OAK,6,13,11,3,2,1,0,0,0,2,1,0,3,1,0,0,1,0,0,0.272727272,8879
2558,2017,Jacob deGrom,NYM,34,77,71,15,13,1,0,1,6,4,2,0,22,0,0,4,0,1,0,0.211267605,10954
2559,2017,Jesse Winker,CIN,47,137,121,36,22,7,0,7,21,15,15,0,24,0,0,1,2,1,0,0.297520661,13590
2560,2017,Adam Engel,CHW,95,333,299,49,29,11,3,6,33,21,18,0,117,8,0,8,1,7,1,0.163879598,15082
2561,2017,Brad Miller,TBR,108,398,330,65,40,13,3,9,43,40,62,4,108,2,4,0,5,5,3,0.196969696,12775
2562,2017,Danny Duffy,KCR,1,2,2,1,1,0,0,0,0,0,0,0,1,0,0,0,0,0,0,0.5,3542
2563,2017,Gorkys Hernandez,SFG,116,346,308,78,58,19,1,0,40,22,31,3,73,3,2,2,6,12,4,0.253246753,4146
2564,2017,Daniel Murphy,WSN,144,586,528,172,103,43,3,23,94,93,51,13,75,4,3,0,16,2,0,0.325757575,4316
2565,2017,A.J. Schugel,PIT,2,2,1,0,0,0,0,0,0,0,1,0,0,0,0,0,0,0,0,0.0,11432
2566,2017,Drew Robinson,TEX,46,121,107,24,13,5,0,6,11,13,14,0,42,0,0,0,2,0,2,0.224299065,11761
2567,2017,Maikel Franco,PHI,154,620,572,131,78,29,1,23,65,74,41,3,94,2,5,0,21,0,0,0.229020979,12179
2568,2017,Dylan Floro,CHC,3,4,4,0,0,0,0,0,0,0,0,0,2,0,0,0,1,0,0,0.0,13394
2569,2017,Ketel Marte,ARI,71,252,220,57,39,11,2,5,30,17,29,3,36,1,2,0,3,3,1,0.259090909,13613
2570,2017,Mac Williamson,SFG,27,73,68,16,11,2,0,3,8,6,5,1,25,0,0,0,2,1,1,0.235294117,14158
2571,2017,R.A. Dickey,ATL,30,68,61,9,9,0,0,0,0,5,0,0,12,0,0,7,0,0,0,0.147540983,1245
2572,2017,Brandon McCarthy,LAD,15,28,23,1,1,0,0,0,2,0,3,0,16,0,0,2,0,0,0,0.04347826,4662
2573,2017,Ruben Tejada,BAL,36,124,113,26,20,6,0,0,17,5,8,0,15,2,0,1,6,0,0,0.230088495,5519
2574,2017,Johnny Giavotella,BAL,5,10,10,1,1,0,0,0,0,0,0,0,4,0,0,0,0,1,0,0.1,6740
2575,2017,Chris Davis,BAL,127,519,452,97,56,15,1,25,64,59,60,4,194,3,4,0,7,1,1,0.214601769,9272
2576,2017,Nick Franklin,LAA,12,30,24,3,2,1,0,0,2,2,5,0,3,1,0,0,0,0,0,0.125,10166
2577,2017,Jabari Blash,SDP,61,195,164,35,24,6,0,5,24,16,28,0,66,2,1,0,5,1,2,0.213414634,11247
2578,2017,Ronald Torreyes,NYY,96,336,315,92,73,15,1,3,35,36,11,0,43,1,4,5,9,2,0,0.292063492,11400
2579,2017,Jorge Polanco,MIN,131,538,482,123,78,30,3,12,59,73,41,1,76,2,6,7,7,13,5,0.255186721,13152
2580,2017,Ji Man Choi,NYY,6,18,15,4,1,1,0,2,2,5,2,0,5,0,1,0,1,0,0,0.266666666,5452
2581,2017,Steven Souza Jr.,TBR,147,605,514,124,71,21,2,30,77,77,81,2,174,7,1,2,9,16,4,0.241245136,5667
2582,2017,Tzu-Wei Lin,BOS,22,66,56,15,13,0,2,0,7,2,9,0,17,0,0,1,0,1,1,0.267857142,14678
2583,2017,Jeff Hoffman,COL,15,33,30,3,2,1,0,0,1,1,0,0,16,0,0,3,0,0,0,0.1,17432
2584,2017,Trevor Story,COL,145,551,499,120,61,32,3,24,68,82,49,4,188,2,1,0,12,7,2,0.240480961,12564
2585,2017,Magneuris Sierra,STL,20,64,60,19,19,0,0,0,10,5,4,0,14,0,0,0,0,2,2,0.316666666,17023
2586,2017,Ben Revere,LAA,105,304,287,79,63,13,2,1,37,20,15,0,24,0,2,0,7,21,5,0.275261324,4712
2587,2017,Rey Fuentes,ARI,56,145,136,32,26,1,2,3,19,9,8,0,35,0,0,1,0,4,1,0.235294117,10329
2588,2017,Brock Stassi,PHI,49,90,78,13,8,2,1,2,6,7,12,0,22,0,0,0,3,0,0,0.166666666,12244
2589,2017,Marcus Semien,OAK,84,382,339,84,54,19,1,10,52,40,37,0,84,2,3,1,3,11,1,0.24778761,12533
2590,2017,Carlos Carrasco,CLE,2,5,4,0,0,0,0,0,1,0,1,0,1,0,0,0,0,0,0,0.0,6632
2591,2017,Tim Beckham,TBR,87,343,315,81,61,5,3,12,30,36,24,0,110,2,1,1,8,5,4,0.257142857,7949
2592,2017,Matt Adams,ATL,100,314,291,79,39,20,1,19,42,58,19,5,71,1,3,0,5,0,0,0.271477663,9393
2593,2017,Kevin Quackenbush,SDP,1,1,1,0,0,0,0,0,0,0,0,0,1,0,0,0,0,0,0,0.0,12360
2594,2017,Tommy La Stella,CHC,72,150,125,36,23,8,0,5,18,22,19,1,18,2,2,0,3,0,0,0.288,12371
2595,2017,John Brebbia,STL,1,1,1,0,0,0,0,0,0,0,0,0,0,0,0,0,0,0,0,0.0,12777
2596,2017,Jaycob Brugman,OAK,46,162,143,38,33,2,0,3,12,12,18,1,38,0,1,0,1,1,2,0.265734265,14936
2597,2017,Cody Bellinger,LAD,132,548,480,128,59,26,4,39,87,97,64,13,146,1,3,0,5,10,3,0.266666666,15998
2598,2017,Lucas Duda,NYM,74,290,251,62,24,21,0,17,30,37,37,4,72,2,0,0,6,0,0,0.247011952,2502
2599,2017,Madison Bumgarner,SFG,15,36,34,7,4,0,0,3,4,5,2,0,11,0,0,0,1,0,0,0.205882352,5524
2600,2017,Seth Lugo,NYM,17,34,29,4,1,2,0,1,4,2,0,0,10,0,0,5,1,0,0,0.137931034,12447
2601,2017,Sandy Leon,BOS,81,293,264,61,40,14,0,7,32,38,24,1,73,1,3,1,5,0,0,0.231060606,5273
2602,2017,Sean Rodriguez,ATL,15,47,37,6,3,1,0,2,6,3,8,1,19,1,0,1,1,1,0,0.162162162,6589
2603,2017,Cory Gearrin,SFG,2,2,2,0,0,0,0,0,0,0,0,0,2,0,0,0,0,0,0,0.0,7947
2604,2017,Brandon Belt,SFG,104,451,382,92,44,27,3,18,63,51,66,2,104,2,1,0,5,2,2,0.240837696,10264
2605,2017,Paul Blackburn,OAK,1,3,3,0,0,0,0,0,0,0,0,0,2,0,0,0,0,0,0,0.0,14739
2606,2017,Miguel Rojas,MIA,80,304,270,78,59,16,2,1,37,26,27,5,32,4,2,1,6,2,1,0.288888888,7802
2607,2017,Orlando Calixte,SFG,25,55,49,7,6,1,0,0,5,6,3,0,16,0,2,1,1,1,0,0.142857142,11905
2608,2017,Anthony Banda,ARI,4,6,5,0,0,0,0,0,0,0,0,0,3,0,0,1,0,0,0,0.0,14706
2609,2017,Johan Camargo,ATL,78,256,241,72,45,21,2,4,30,27,12,2,51,0,1,2,5,0,0,0.298755186,14950
2610,2017,Nick Wittgren,MIA,4,4,4,0,0,0,0,0,0,0,0,0,1,0,0,0,0,0,0,0.0,15594
2611,2017,Kole Calhoun,LAA,154,647,562,138,95,23,2,18,76,70,71,4,133,8,6,0,10,5,1,0.245551601,11200
2612,2017,Jose Quintana,CHC,13,29,22,2,2,0,0,0,2,3,1,0,15,0,0,6,0,0,0,0.09090909,11423
2613,2017,James McCann,DET,105,386,347,89,60,14,2,13,39,49,26,0,86,9,3,1,8,1,0,0.256484149,12859
2614,2017,Miguel Gomez,SFG,22,34,33,8,6,2,0,0,3,2,0,0,6,0,1,0,1,0,0,0.242424242,17075
2615,2017,Bartolo Colon,MIN,2,5,4,0,0,0,0,0,0,0,0,0,2,0,0,1,0,0,0,0.0,375
2616,2017,Brad Peacock,HOU,3,8,7,2,1,1,0,0,1,2,1,0,3,0,0,0,0,0,0,0.285714285,5401
2617,2017,J.D. Martinez,ARI,61,252,228,67,26,13,1,27,45,61,23,3,73,0,1,0,13,2,0,0.293859649,6184
2618,2017,Joe Musgrove,HOU,3,5,5,0,0,0,0,0,0,0,0,0,1,0,0,0,0,0,0,0.0,12970
2619,2017,James Hoyt,HOU,1,1,1,0,0,0,0,0,0,0,0,0,1,0,0,0,0,0,0,0.0,14605
2620,2017,Stephen Drew,WSN,45,105,94,24,16,7,0,1,9,17,8,0,21,0,3,0,2,0,0,0.255319148,4251
2621,2017,Charlie Morton,HOU,1,3,3,0,0,0,0,0,0,0,0,0,0,0,0,0,0,0,0,0.0,4676
2622,2017,John Jaso,PIT,123,298,253,53,25,19,0,9,27,33,39,2,66,5,1,0,5,1,1,0.209486166,5887
2623,2017,Eduardo Nunez,SFG,76,316,300,92,68,20,0,4,36,31,12,0,29,1,2,1,8,18,5,0.306666666,6848
2624,2017,Chris Stratton,SFG,9,16,14,2,2,0,0,0,1,0,0,0,3,0,0,2,0,0,0,0.142857142,13761
2625,2017,Jon Gray,COL,19,43,38,3,2,0,0,1,3,3,1,0,27,0,0,4,0,0,0,0.078947368,14916
2626,2017,Steven Brault,PIT,10,13,13,3,2,1,0,0,2,2,0,0,0,0,0,0,0,0,0,0.23076923,15291
2627,2017,Kyle Lloyd,SDP,1,1,1,0,0,0,0,0,0,0,0,0,0,0,0,0,0,0,0,0.0,15378
2628,2017,Kris Bryant,CHC,151,647,534,156,87,37,4,28,107,72,93,5,125,14,6,0,8,7,5,0.292134831,15429
2629,2017,Tyler Wade,NYY,22,63,58,9,5,4,0,0,7,2,5,0,19,0,0,0,2,1,1,0.155172413,15730
2630,2017,Carlos Rodon,CHW,3,7,6,2,1,1,0,0,0,2,0,0,2,0,0,1,0,0,0,0.333333333,16137
2631,2017,Derek Fisher,HOU,50,166,146,31,21,4,1,5,21,17,17,1,54,3,0,0,1,3,2,0.212328767,16192
2632,2017,Conor Gillaspie,SFG,42,87,80,13,7,4,0,2,8,8,5,0,10,1,1,0,3,0,0,0.1625,9009
2633,2017,Danny Espinosa,SEA,7,17,16,3,1,2,0,0,2,2,1,0,7,0,0,0,0,1,0,0.1875,9219
2634,2017,Carson Kelly,STL,34,75,69,12,9,3,0,0,5,6,5,0,11,1,0,0,3,0,0,0.173913043,13620
2635,2017,Aaron Blair,ATL,1,2,1,1,1,0,0,0,0,0,1,0,0,0,0,0,0,0,0,1.0,14934
2636,2017,Adrian Sanchez,WSN,31,74,70,19,12,7,0,0,6,11,1,0,25,1,0,2,2,0,2,0.271428571,11338
2637,2017,Chris O'Grady,MIA,4,9,8,0,0,0,0,0,0,0,0,0,5,0,0,1,0,0,0,0.0,13818
2638,2017,Chris Flexen,NYM,9,14,13,2,1,1,0,0,0,0,0,0,7,0,0,1,0,0,0,0.153846153,13896
2639,2017,Luke Weaver,STL,10,23,19,3,3,0,0,0,2,1,1,0,9,0,0,3,0,0,0,0.157894736,16918
2640,2017,T.J. McFarland,ARI,4,5,5,1,1,0,0,0,0,0,0,0,3,0,0,0,0,0,0,0.2,3237
2641,2017,Vance Worley,MIA,18,27,22,4,4,0,0,0,0,3,0,0,8,0,0,5,1,0,0,0.181818181,6435
2642,2017,Buster Posey,SFG,140,566,492,158,112,34,0,12,62,66,61,13,66,8,5,0,17,6,1,0.321138211,9166
2643,2017,Travis Wood,SDP,10,17,17,4,2,0,0,2,3,6,0,0,7,0,0,0,0,0,0,0.235294117,9884
2644,2017,Hoby Milner,PHI,2,2,2,0,0,0,0,0,0,0,0,0,2,0,0,0,0,0,0,0.0,13346
2645,2017,Eric Hosmer,KCR,162,671,603,192,135,31,1,25,98,94,66,3,104,0,2,0,20,6,1,0.31840796,3516
2646,2017,Yunel Escobar,LAA,88,374,344,94,67,19,1,7,42,31,28,0,51,2,0,0,15,1,4,0.273255813,4191
2647,2017,Howie Kendrick,WSN,52,178,164,48,31,8,2,7,24,25,11,0,38,2,1,0,4,4,2,0.292682926,4229
2648,2017,Eduardo Nunez,BOS,38,171,163,51,32,11,0,8,23,27,6,0,25,2,0,0,3,6,2,0.312883435,6848
2649,2017,Terrance Gore,KCR,10,5,4,0,0,0,0,0,2,0,1,0,2,0,0,0,0,2,2,0.0,13658
2650,2017,Josh Hader,MIL,4,4,4,0,0,0,0,0,0,0,0,0,2,0,0,0,0,0,0,0.0,14212
2651,2017,Adam Conley,MIA,16,32,24,3,3,0,0,0,3,0,2,0,14,0,0,6,0,0,0,0.125,14457
2652,2017,Chris Gimenez,MIN,69,224,185,41,25,9,0,7,28,16,33,0,60,4,0,2,3,1,0,0.221621621,7324
2653,2017,Rob Refsnyder,TOR,26,58,51,10,9,1,0,0,5,0,5,1,9,1,0,0,2,2,1,0.196078431,13770
2654,2017,Kyle Farmer,LAD,18,20,20,6,5,1,0,0,1,2,0,0,3,0,0,0,2,0,0,0.3,14813
2655,2017,Rafael Devers,BOS,58,237,219,63,39,14,0,10,34,29,18,3,56,0,0,0,5,3,1,0.287671232,17350
2656,2017,Todd Frazier,NYY,64,241,194,43,27,4,1,11,33,32,35,1,54,10,2,0,6,0,0,0.221649484,785
2657,2017,Melky Cabrera,KCR,58,238,223,60,41,13,2,4,24,29,11,0,22,1,3,0,12,1,2,0.269058295,4022
2658,2017,Micah Johnson,ATL,13,11,10,2,2,0,0,0,2,0,0,0,4,0,0,1,0,1,0,0.2,13809
2659,2017,AJ Reed,HOU,2,6,6,0,0,0,0,0,0,0,0,0,1,0,0,0,0,0,0,0.0,16246
2660,2017,Hyun Soo Kim,PHI,39,97,87,20,15,4,1,0,9,4,10,1,19,0,0,0,1,0,0,0.229885057,18718
2661,2017,Tim Beckham,BAL,50,230,216,66,41,13,2,10,36,26,12,0,57,2,0,0,2,1,1,0.305555555,7949
2662,2017,Brian Dozier,MIN,152,699,612,165,97,30,4,34,105,93,77,6,139,8,2,0,11,16,7,0.269607843,9810
2663,2017,Joey Rickard,BAL,99,274,258,63,44,15,0,4,29,19,9,0,61,4,1,2,6,8,1,0.244186046,13277
2664,2017,Jose Berrios,MIN,3,5,5,1,1,0,0,0,0,0,0,0,2,0,0,0,0,0,0,0.2,14168
2665,2017,Lewis Brinson,MIL,21,55,47,5,2,0,1,2,2,3,7,1,17,1,0,0,0,1,0,0.106382978,14352
2666,2017,Jack Reinheimer,ARI,2,5,5,0,0,0,0,0,0,0,0,0,3,0,0,0,0,0,0,0.0,14938
2667,2017,Jae-Gyun Hwang,SFG,17,57,52,8,6,1,0,1,2,5,5,0,15,0,0,0,1,0,0,0.153846153,19369
2668,2017,Ervin Santana,MIN,3,10,10,2,1,1,0,0,3,5,0,0,3,0,0,0,0,0,0,0.2,3200
2669,2017,Randal Grichuk,STL,121,439,409,97,47,25,3,22,53,58,26,3,131,2,2,0,9,6,1,0.237163814,10243
2670,2017,Jake Marisnick,HOU,90,255,226,55,29,10,0,16,49,35,20,1,89,6,1,2,5,9,3,0.243362831,11339
2671,2017,Jorge Bonifacio,KCR,111,421,383,98,65,15,1,17,55,40,35,0,117,2,1,0,8,1,1,0.255874673,12174
2672,2017,Ramon Torres,KCR,30,79,74,18,15,3,0,0,9,4,4,0,12,1,0,0,1,1,0,0.243243243,14113
2673,2017,Andrew Knapp,PHI,56,204,171,44,32,8,1,3,26,13,31,4,56,0,2,0,5,1,0,0.257309941,14942
2674,2017,Carlos Asuaje,SDP,87,343,307,83,64,14,1,4,28,21,28,0,76,2,1,5,6,0,1,0.270358306,15197
2675,2017,Daniel Gossett,OAK,3,7,5,1,1,0,0,0,1,0,0,0,4,0,0,2,0,0,0,0.2,16164
2676,2017,Chris Smith,OAK,1,1,1,0,0,0,0,0,0,0,0,0,0,0,0,0,0,0,0,0.0,4544
2677,2017,Logan Forsythe,LAD,117,439,361,81,56,19,0,6,56,36,69,1,109,4,5,0,12,3,2,0.224376731,7185
2678,2017,Adam Rosales,ARI,32,88,83,17,9,5,0,3,10,9,1,1,34,2,1,1,4,0,1,0.204819277,9682
2679,2017,Evan Gattis,HOU,83,320,295,78,44,22,0,12,41,54,18,0,48,4,3,0,10,0,1,0.264406779,11003
2680,2017,Ramon Flores,LAA,3,9,8,1,1,0,0,0,0,1,0,0,1,0,1,0,0,0,0,0.125,11165
2681,2017,Travis Shaw,MIL,144,595,528,144,80,33,1,30,82,97,60,6,134,3,3,1,20,10,0,0.272727272,11982
2682,2017,Stephen Piscotty,STL,106,400,340,80,54,16,1,9,40,39,52,2,87,5,3,0,11,3,6,0.235294117,13367
2683,2017,Yonder Alonso,OAK,95,364,313,82,44,16,0,22,52,48,49,6,88,2,0,0,6,1,0,0.26198083,2530
2684,2017,Salvador Perez,KCR,128,499,471,126,74,24,1,27,57,80,17,3,95,5,5,0,23,1,0,0.267515923,7304
2685,2017,Aaron Altherr,PHI,104,406,367,98,50,24,5,19,58,64,31,2,103,7,1,0,12,5,4,0.267029972,11270
2686,2017,Jose Osuna,PIT,102,226,214,50,26,13,4,7,31,30,9,0,40,2,1,0,10,0,0,0.233644859,12937
2687,2017,Josh Bell,PIT,159,615,544,139,82,26,6,25,73,88,66,4,116,1,4,0,15,2,4,0.255514705,13145
2688,2017,Edwin Jackson,WSN,13,21,21,2,2,0,0,0,3,0,0,0,15,0,0,0,0,0,0,0.095238095,1841
2689,2017,Rene Rivera,NYM,53,184,171,38,27,4,0,7,14,22,9,3,53,3,1,0,3,0,1,0.222222222,3648
2690,2017,Curtis Granderson,NYM,111,391,333,77,33,22,3,19,58,52,53,2,88,2,3,0,4,4,2,0.231231231,4747
2691,2017,James Adduci,DET,26,88,78,18,11,5,1,1,13,7,10,0,27,0,0,0,1,1,1,0.23076923,6448
2692,2017,Dusty Coleman,SDP,22,71,66,15,8,3,0,4,6,9,2,0,33,2,1,0,1,1,0,0.227272727,8979
2693,2017,Kaleb Cowart,LAA,40,117,102,23,14,5,1,3,18,11,10,1,28,3,0,2,4,4,2,0.225490196,11494
2694,2017,Brian Goodwin,WSN,74,276,249,63,28,21,1,13,41,30,23,2,68,1,3,0,3,6,0,0.253012048,12858
2695,2017,Brett Cecil,STL,1,1,1,0,0,0,0,0,0,0,0,0,0,0,0,0,0,0,0,0.0,2660
2696,2017,Jeff Samardzija,SFG,31,67,64,6,3,2,0,1,3,2,0,0,25,0,0,3,0,0,0,0.09375,3254
2697,2017,Shane Robinson,LAA,15,35,31,6,6,0,0,0,7,1,3,0,5,0,1,0,1,2,0,0.193548387,4249
2698,2017,Albert Suarez,SFG,2,2,2,0,0,0,0,0,0,0,0,0,0,0,0,0,0,0,0,0.0,6175
2699,2017,Brad Hand,SDP,2,2,1,0,0,0,0,0,0,0,0,0,0,0,0,1,0,0,0,0.0,9111
2700,2017,Lucas Sims,ATL,11,18,15,1,1,0,0,0,1,0,0,0,8,0,0,3,0,0,0,0.066666666,13470
2701,2017,Aaron Nola,PHI,25,54,48,4,4,0,0,0,3,1,4,0,25,0,0,2,0,0,0,0.083333333,16149
2702,2017,Jordan Zimmermann,DET,3,6,6,1,1,0,0,0,0,0,0,0,1,0,0,0,0,0,0,0.166666666,4505
2703,2017,Francisco Cervelli,PIT,81,298,261,66,46,13,2,5,31,30,30,0,65,6,1,0,7,0,1,0.252873563,5275
2704,2017,Sean Rodriguez,PIT,35,106,95,16,12,1,0,3,12,5,8,0,38,3,0,0,2,0,0,0.168421052,6589
2705,2017,Jason Castro,MIN,106,401,351,86,54,22,0,10,49,47,44,1,108,4,1,1,10,0,0,0.245014245,8722
2706,2017,Leonys Martin,SEA,34,122,115,20,14,2,1,3,12,8,5,1,29,2,0,0,2,6,3,0.173913043,11846
2707,2017,Jeimer Candelario,DET,27,106,94,31,22,7,0,2,16,13,12,0,18,0,0,0,2,0,0,0.329787234,13621
2708,2017,Matthew Boyd,DET,2,3,3,1,1,0,0,0,0,0,0,0,0,0,0,0,0,0,0,0.333333333,15440
2709,2017,Chase Headley,NYY,147,585,511,140,97,30,1,12,77,61,60,2,132,6,7,1,10,9,2,0.273972602,4720
2710,2017,Trevor Cahill,KCR,1,1,1,0,0,0,0,0,0,0,0,0,1,0,0,0,0,0,0,0.0,6249
2711,2017,Alcides Escobar,KCR,162,628,598,150,103,36,5,6,71,54,15,1,102,4,4,7,14,4,7,0.25083612,6310
2712,2017,Cesar Puello,LAA,1,4,4,1,1,0,0,0,0,1,0,0,1,0,0,0,0,2,0,0.25,7216
2713,2017,Scott Alexander,KCR,3,3,3,0,0,0,0,0,0,0,0,0,1,0,0,0,0,0,0,0.0,10591
2714,2017,Cam Gallagher,KCR,11,27,24,6,4,1,0,1,2,5,3,0,4,0,0,0,1,0,0,0.25,12981
2715,2017,Jose Peraza,CIN,140,507,476,123,105,9,4,5,49,35,20,1,69,7,1,3,7,20,8,0.258403361,13593
2716,2017,Mookie Betts,BOS,153,696,614,165,94,46,2,23,100,101,75,9,77,2,5,0,9,24,3,0.268729641,13611
2717,2017,Garrett Cooper,NYY,13,45,43,14,8,5,1,0,3,6,1,0,12,0,1,0,0,0,0,0.325581395,15279
2718,2017,Jay Bruce,CLE,43,167,149,37,19,9,2,7,21,26,16,0,37,1,1,0,2,1,0,0.248322147,9892
2719,2017,Jonathan Schoop,BAL,160,670,617,182,115,35,0,32,92,105,35,0,141,11,7,0,20,1,0,0.294975688,11265
2720,2017,Dietrich Enns,MIN,1,2,2,1,1,0,0,0,0,0,0,0,1,0,0,0,0,0,0,0.5,13932
2721,2017,Luis Castillo,CIN,14,33,29,2,2,0,0,0,0,1,1,0,11,0,0,3,0,0,0,0.068965517,15689
2722,2017,Neil Walker,NYM,73,296,262,69,45,12,2,10,40,35,27,1,47,4,2,1,4,0,1,0.263358778,7539
2723,2017,Corey Dickerson,TBR,148,619,581,164,100,33,4,27,84,62,32,6,151,3,2,0,11,4,3,0.282271944,10762
2724,2017,Christian Yelich,MIA,156,687,594,169,114,36,2,17,98,78,80,4,135,6,6,0,13,16,2,0.284511784,11477
2725,2017,Robbie Grossman,MIN,119,449,375,91,60,21,1,9,61,44,67,0,77,3,2,2,6,3,1,0.242666666,5254
2726,2017,Devin Mesoraco,CIN,55,164,140,29,17,5,1,6,17,14,18,0,38,5,1,0,4,1,0,0.207142857,5666
2727,2017,Brett Nicholas,TEX,21,65,63,15,9,4,0,2,7,11,2,0,13,0,0,0,2,0,0,0.238095238,11192
2728,2017,Justin Nicolino,MIA,9,13,11,0,0,0,0,0,0,0,0,0,2,0,0,2,0,0,0,0.0,11754
2729,2017,Patrick Kivlehan,CIN,110,203,177,37,22,5,1,9,23,26,22,1,61,3,1,0,2,1,2,0.209039548,13910
2730,2017,Brent Suter,MIL,11,21,18,3,3,0,0,0,1,1,0,0,8,1,0,2,0,0,0,0.166666666,13942
2731,2017,Marcell Ozuna,MIA,159,672,607,188,120,30,2,36,91,122,63,4,143,0,2,0,18,1,3,0.309719934,10324
2732,2017,Alex Presley,DET,70,264,245,77,61,10,3,3,30,20,15,0,49,0,0,3,5,5,0,0.314285714,5305
2733,2017,Collin McHugh,HOU,1,2,2,0,0,0,0,0,0,0,0,0,2,0,0,0,0,0,0,0.0,7531
2734,2017,Logan Morrison,TBR,148,586,499,122,61,22,1,38,72,84,79,8,145,5,3,0,12,2,0,0.244488977,9205
2735,2017,Asher Wojciechowski,CIN,9,14,14,1,1,0,0,0,0,0,0,0,11,0,0,0,0,0,0,0.071428571,10836
2736,2017,Justin Grimm,CHC,3,3,3,0,0,0,0,0,0,0,0,0,1,0,0,0,1,0,0,0.0,11720
2737,2017,Jerad Eickhoff,PHI,19,34,31,5,4,1,0,0,3,0,0,0,13,0,0,3,0,0,0,0.161290322,12664
2738,2017,Tyler Skaggs,LAA,1,1,1,0,0,0,0,0,0,0,0,0,1,0,0,0,0,0,0,0.0,10190
2739,2017,Mike Ohlman,TOR,6,13,13,3,3,0,0,0,1,1,0,0,3,0,0,0,0,0,0,0.23076923,10347
2740,2017,Yonder Alonso,SEA,42,150,132,35,24,5,0,6,20,18,18,0,30,0,0,0,3,1,0,0.265151515,2530
2741,2017,Rajai Davis,OAK,91,322,294,70,46,17,2,5,49,18,26,1,68,0,1,1,10,26,6,0.238095238,3708
2742,2017,Ryan Zimmerman,WSN,142,569,518,158,89,33,0,36,89,107,43,1,124,3,5,0,16,1,0,0.305019305,4220
2743,2017,Neil Walker,MIL,38,149,120,32,20,8,0,4,19,13,28,1,30,1,0,0,5,0,1,0.266666666,7539
2744,2017,Jaime Garcia,NYY,1,2,2,0,0,0,0,0,0,0,0,0,1,0,0,0,0,0,0,0.0,8137
2745,2017,Robert Gsellman,NYM,23,44,34,5,5,0,0,0,2,4,6,0,14,0,1,3,0,0,0,0.147058823,13696
2746,2017,Chris Stewart,PIT,50,144,131,24,21,1,2,0,8,4,9,1,22,1,0,3,3,0,0,0.183206106,3878
2747,2017,Alex Avila,CHC,35,111,91,22,16,2,1,3,11,17,19,0,40,0,0,1,4,0,0,0.241758241,7476
2748,2017,Jonathan Lucroy,COL,46,175,142,44,33,6,3,2,18,13,27,6,19,4,2,0,6,0,0,0.309859154,7870
2749,2017,Pedro Florimon,PHI,15,48,45,16,11,4,1,0,6,6,3,0,16,0,0,0,1,0,0,0.355555555,8385
2750,2017,Chasen Shreve,NYY,2,2,2,0,0,0,0,0,0,0,0,0,1,0,0,0,0,0,0,0.0,10855
2751,2017,Chasen Bradford,NYM,1,1,1,0,0,0,0,0,0,0,0,0,1,0,0,0,0,0,0,0.0,12452
2752,2017,Luis Severino,NYY,2,5,5,1,1,0,0,0,1,0,0,0,1,0,0,0,0,0,0,0.2,15890
2753,2017,Robinson Cano,SEA,149,637,582,161,106,33,0,22,75,94,48,8,83,4,3,0,18,1,0,0.276632302,3269
2754,2017,Drew Butera,KCR,63,177,163,37,29,4,1,3,18,14,12,0,41,1,0,1,0,0,0,0.226993865,3411
2755,2017,J.A. Happ,TOR,1,2,2,0,0,0,0,0,0,0,0,0,1,0,0,0,0,0,0,0.0,7410
2756,2017,Matt Grace,WSN,3,4,4,0,0,0,0,0,0,0,0,0,3,0,0,0,0,0,0,0.0,11449
2757,2017,Carlos Martinez,STL,29,69,62,11,8,3,0,0,5,11,1,0,19,1,0,5,1,0,0,0.177419354,11682
2758,2017,C.J. Cron,LAA,98,369,335,83,52,14,1,16,39,56,22,0,95,7,3,0,5,3,2,0.247761194,12546
2759,2017,Zach Eflin,PHI,9,19,18,3,3,0,0,0,1,2,0,0,11,0,0,1,0,0,0,0.166666666,13774
2760,2017,Daniel Robertson,TBR,70,245,211,45,31,7,2,5,22,18,28,0,70,4,2,0,4,1,1,0.213270142,14145
2761,2017,German Marquez,COL,26,53,45,8,6,2,0,0,4,5,0,0,18,0,0,8,1,0,0,0.177777777,15038
2762,2017,Wilmer Flores,NYM,106,358,332,89,53,17,1,18,42,52,17,1,54,3,6,0,14,1,1,0.268072289,5827
2763,2017,Seth Smith,BAL,106,369,326,84,53,19,0,12,49,31,36,3,77,6,1,0,7,2,0,0.257668711,7331
2764,2017,Charlie Blackmon,COL,159,718,639,211,126,35,14,36,135,103,63,9,132,10,3,3,4,14,10,0.330203442,7859
2765,2017,Austin Jackson,CLE,84,316,278,88,59,19,3,7,46,35,33,0,64,1,4,0,13,3,1,0.316546762,9848
2766,2017,Nick Tepesch,TOR,1,2,2,0,0,0,0,0,0,0,0,0,2,0,0,0,0,0,0,0.0,11716
2767,2017,Marco Estrada,TOR,2,4,4,0,0,0,0,0,0,0,0,0,3,0,0,0,0,0,0,0.0,1118
2768,2017,Ivan Nova,PIT,27,55,48,1,1,0,0,0,0,0,0,0,29,0,0,7,0,0,0,0.020833333,1994
2769,2017,Mark Reynolds,COL,147,587,514,136,86,20,1,29,81,95,69,0,173,1,3,0,12,2,1,0.264591439,7619
2770,2017,Dee Strange-Gordon,MIA,157,686,644,198,167,20,9,2,111,33,25,0,92,10,4,2,7,57,16,0.307453416,8203
2771,2017,Jason Kipnis,CLE,90,370,333,78,41,25,0,12,43,35,28,0,71,2,5,2,0,6,2,0.234234234,9776
2772,2017,Phil Gosselin,TEX,8,8,8,1,0,1,0,0,0,0,0,0,3,0,0,0,0,0,0,0.125,10953
2773,2017,Taylor Motter,SEA,84,268,247,49,32,11,0,6,28,22,20,0,59,0,1,0,9,12,1,0.198380566,12399
2774,2017,Matt Wisler,ATL,3,3,2,0,0,0,0,0,0,0,0,0,0,0,0,1,0,0,0,0.0,12804
2775,2017,Javier Baez,CHC,137,502,464,126,78,24,1,23,73,75,30,15,144,1,2,5,10,10,3,0.271551724,12979
2776,2017,Brandon Phillips,ATL,120,499,470,137,98,27,1,11,68,52,19,1,57,8,1,1,19,10,8,0.291489361,791
2777,2017,Martin Maldonado,LAA,135,469,428,94,60,19,1,14,43,38,14,1,119,18,1,8,12,0,2,0.219626168,6887
2778,2017,Andrew Albers,SEA,1,3,1,1,1,0,0,0,0,1,0,0,0,0,0,2,0,0,0,1.0,7853
2779,2017,Nicky Delmonico,CHW,43,166,141,37,24,4,0,9,25,23,23,0,31,2,0,0,5,2,0,0.262411347,13157
2780,2017,Zach Davies,MIL,32,69,48,6,4,2,0,0,7,3,7,0,15,0,0,14,1,0,0,0.125,13183
2781,2017,Andres Blanco,PHI,75,143,129,25,18,4,0,3,10,13,12,0,33,0,2,0,1,1,0,0.193798449,1907
2782,2017,Matt Joyce,OAK,138,538,465,114,56,33,0,25,78,67,65,0,111,2,6,0,10,4,1,0.24516129,3353
2783,2017,Joey Votto,CIN,162,694,551,177,107,34,1,35,104,97,131,20,81,6,6,0,16,5,1,0.321234119,4314
2784,2017,Dustin McGowan,MIA,6,6,5,0,0,0,0,0,0,0,0,0,5,0,0,1,0,0,0,0.0,8600
2785,2017,Kevin Shackelford,CIN,3,3,3,1,1,0,0,0,0,0,0,0,1,0,0,0,0,0,0,0.333333333,11012
2786,2017,Yoenis Cespedes,NYM,81,317,287,83,48,17,2,16,45,41,26,5,60,2,2,0,7,0,1,0.289198606,13110
2787,2017,Cameron Perkins,PHI,42,97,88,16,10,5,0,1,9,8,5,0,23,2,2,0,1,0,0,0.181818181,13444
2788,2017,Nick Williams,PHI,82,342,312,90,60,14,4,12,45,55,20,0,96,6,4,0,8,1,2,0.288461538,14330
2789,2017,Manuel Margot,SDP,125,529,487,128,90,18,7,13,53,39,35,0,106,2,4,1,6,17,7,0.262833675,14712
2790,2017,Marco Gonzales,SEA,1,2,1,0,0,0,0,0,0,0,0,0,1,0,0,1,0,0,0,0.0,15467
2791,2017,Edubray Ramos,PHI,1,1,1,0,0,0,0,0,0,0,0,0,1,0,0,0,0,0,0,0.0,16086
2792,2017,Rhys Hoskins,PHI,50,212,170,44,19,7,0,18,37,48,37,1,46,3,2,0,2,2,0,0.258823529,16472
2793,2017,Brock Stewart,LAD,5,5,4,1,1,0,0,0,0,1,0,0,2,0,0,1,0,0,0,0.25,16727
2794,2017,Jonathan Villar,MIL,121,427,395,95,66,17,1,11,48,40,29,1,130,0,1,2,4,22,8,0.240506329,10071
2795,2017,Erasmo Ramirez,SEA,1,3,3,2,2,0,0,0,0,1,0,0,1,0,0,0,0,0,0,0.666666666,10314
2796,2017,Michael A. Taylor,WSN,115,429,396,107,62,23,3,19,54,52,29,3,137,1,2,1,3,17,7,0.27020202,11489
2797,2017,Xander Bogaerts,BOS,145,622,558,151,105,31,5,10,93,61,56,6,112,6,2,0,17,15,1,0.270609318,12161
2798,2017,Edwin Diaz,SEA,1,1,1,0,0,0,0,0,0,0,0,0,1,0,0,0,0,0,0,0.0,14710
2799,2017,Michael Conforto,NYM,107,437,370,103,55,20,1,27,72,68,57,5,112,8,2,0,3,2,0,0.278378378,16376
2800,2017,Anthony Rizzo,CHC,157,672,554,150,85,31,3,31,97,105,90,11,88,24,4,0,21,10,4,0.270758122,3473
2801,2017,Rene Rivera,CHC,17,50,44,15,8,5,0,2,8,12,5,0,16,0,0,1,1,0,0,0.34090909,3648
2802,2017,Nomar Mazara,TEX,148,606,545,137,87,29,2,19,62,99,55,6,124,4,2,0,11,2,2,0.251376146,14553
2803,2017,Jake Odorizzi,TBR,2,4,3,1,1,0,0,0,0,1,0,0,0,0,0,1,0,0,0,0.333333333,6397
2804,2017,Alexi Amarista,COL,92,173,165,39,26,10,0,3,22,19,7,0,38,0,0,1,5,1,0,0.236363636,9063
2805,2017,Norichika Aoki,TOR,12,33,31,9,5,1,0,3,4,8,1,0,5,0,1,0,0,0,0,0.29032258,13075
2806,2017,Andrew Stevenson,WSN,27,65,56,9,7,2,0,0,5,1,7,0,20,0,0,2,0,1,0,0.160714285,17932
2807,2017,Tommy Pham,STL,128,530,444,136,89,22,2,23,95,73,71,0,117,10,3,2,18,25,7,0.306306306,2967
2808,2017,Justin Upton,DET,125,512,452,126,61,37,0,28,79,94,56,2,144,3,1,0,5,10,5,0.278761061,5222
2809,2017,Hanley Ramirez,BOS,132,543,487,119,73,24,0,22,56,61,50,8,114,6,0,0,15,1,3,0.244353182,8001
2810,2017,Ross Stripling,LAD,10,9,9,0,0,0,0,0,2,0,0,0,4,0,0,0,0,0,0,0.0,13273
2811,2017,Ben Lively,PHI,13,26,26,6,4,0,0,2,2,8,0,0,9,0,0,0,0,0,0,0.23076923,14932
2812,2017,Sean Newcomb,ATL,19,35,27,1,1,0,0,0,1,0,2,0,17,0,0,6,1,0,0,0.037037037,16943
2813,2017,Alejandro De Aza,WSN,26,70,62,12,7,2,3,0,8,9,3,1,16,0,2,3,1,1,0,0.193548387,3371
2814,2017,Danny Valencia,SEA,129,497,447,113,76,19,3,15,54,66,40,0,122,2,8,0,16,2,2,0.25279642,6364
2815,2017,Tyler Mahle,CIN,4,8,7,1,1,0,0,0,1,0,0,0,2,1,0,0,0,0,0,0.142857142,16358
2816,2017,Erick Fedde,WSN,3,5,4,0,0,0,0,0,0,0,0,0,3,0,0,1,0,0,0,0.0,17425
2817,2017,Mike Montgomery,CHC,19,29,26,5,3,1,0,1,5,3,0,0,9,0,0,3,0,0,0,0.192307692,4869
2818,2017,Tyler Flowers,ATL,99,369,316,88,60,16,0,12,40,49,31,1,82,20,2,0,6,0,1,0.278481012,9134
2819,2017,Cesar Hernandez,PHI,128,571,505,147,106,26,6,9,83,34,61,1,104,4,1,0,8,14,5,0.291089108,10556
2820,2017,Mike Zunino,SEA,115,430,382,96,46,25,0,25,51,64,39,0,158,8,1,0,8,1,0,0.2513089,13265
2821,2017,Pedro Strop,CHC,1,1,1,0,0,0,0,0,0,0,0,0,0,0,0,0,0,0,0,0.0,4070
2822,2017,Leury Garcia,CHW,84,321,296,81,55,15,2,9,41,33,13,0,67,8,2,2,4,7,5,0.273648648,5913
2823,2017,Starlin Castro,NYY,112,471,441,133,98,18,1,16,66,63,23,1,92,4,3,0,9,2,0,0.301587301,4579
2824,2017,Freddy Galvis,PHI,162,659,604,154,107,29,6,12,71,61,45,2,111,4,4,2,12,14,5,0.254966887,6609
2825,2017,Matt Davidson,CHW,116,437,408,90,47,16,1,26,43,68,19,0,160,5,5,0,12,0,1,0.220588235,7226
2826,2017,Craig Stammen,SDP,8,8,6,3,2,1,0,0,2,0,2,0,2,0,0,0,0,0,0,0.5,7274
2827,2017,Justin Verlander,DET,2,6,6,1,1,0,0,0,0,1,0,0,4,0,0,0,0,0,0,0.166666666,8700
2828,2017,Yacksel Rios,PHI,1,1,1,0,0,0,0,0,0,0,0,0,1,0,0,0,0,0,0,0.0,15007
2829,2017,Jayson Werth,WSN,70,286,249,55,34,10,1,10,34,28,35,1,69,1,1,0,4,4,3,0.220883534,1327
2830,2017,Nelson Cruz,SEA,154,634,547,155,92,26,0,37,87,111,68,7,138,12,7,0,15,1,1,0.283363802,2434
2831,2017,Efren Navarro,DET,21,69,61,14,10,1,1,2,9,2,8,1,21,0,0,0,1,0,1,0.229508196,9854
2832,2017,Ryan McMahon,COL,14,24,19,3,2,1,0,0,2,1,5,0,5,0,0,0,1,0,0,0.157894736,15112
2833,2017,Yandy Diaz,CLE,48,178,155,41,32,8,1,0,25,13,21,0,35,1,1,0,5,2,0,0.264516129,16578
2834,2017,Jack Flaherty,STL,4,6,6,0,0,0,0,0,0,0,0,0,2,0,0,0,0,0,0,0.0,17479
2835,2017,Brandon Phillips,LAA,24,105,102,26,17,7,0,2,13,8,2,0,16,0,0,1,2,1,0,0.25490196,791
2836,2017,Rymer Liriano,CHW,15,45,40,9,6,2,0,1,4,6,5,0,14,0,0,0,0,1,0,0.225,4779
2837,2017,Giancarlo Stanton,MIA,159,683,588,166,75,32,0,59,123,131,85,13,160,7,3,0,13,2,2,0.282312925,4949
2838,2017,Justin Upton,LAA,27,115,98,24,10,7,0,7,19,15,17,1,33,0,0,0,3,4,0,0.244897959,5222
2839,2017,Cameron Maybin,HOU,18,63,59,11,5,1,1,4,6,13,3,0,16,0,0,1,1,4,3,0.186440677,5223
2840,2017,Tony Sanchez,ATL,1,1,1,0,0,0,0,0,0,0,0,0,1,0,0,0,0,0,0,0.0,6178
2841,2017,Andre Ethier,LAD,20,38,34,8,5,1,0,2,3,3,4,1,10,0,0,0,0,0,0,0.235294117,6265
2842,2017,Eric Sogard,MIL,88,294,246,68,49,15,1,3,36,18,43,2,37,4,0,1,7,3,3,0.276422764,7927
2843,2017,Danny Espinosa,TBR,8,24,22,6,6,0,0,0,1,0,1,0,11,1,0,0,0,0,0,0.272727272,9219
2844,2017,Chris Herrmann,ARI,101,248,219,40,23,7,0,10,34,25,28,0,66,0,1,0,1,5,0,0.182648401,9284
2845,2017,Evan Longoria,TBR,155,662,600,157,101,34,2,20,70,85,44,3,106,6,12,0,16,5,1,0.261666666,9368
2846,2017,Bryan Holaday,DET,11,29,29,7,5,2,0,0,1,2,0,0,1,0,0,0,2,0,0,0.24137931,11287
2847,2017,Niko Goodrum,MIN,10,18,17,1,1,0,0,0,1,0,1,0,10,0,0,0,0,0,0,0.058823529,12092
2848,2017,O'Koyea Dickson,LAD,6,9,7,1,1,0,0,0,0,0,2,1,2,0,0,0,0,0,0,0.142857142,12677
2849,2017,Guillermo Heredia,SEA,117,414,375,96,74,16,0,6,43,24,26,2,63,11,1,1,9,1,5,0.256,18721
2850,2017,Edwin Encarnacion,CLE,157,661,547,140,83,19,1,37,95,105,103,5,132,5,5,0,17,2,0,0.255941499,2151
2851,2017,Josh Reddick,HOU,132,531,469,147,97,34,4,12,76,80,42,1,72,0,12,1,9,7,3,0.313432835,3892
2852,2017,Mike Freeman,CHC,12,27,25,4,2,2,0,0,3,0,2,0,8,0,0,0,1,0,0,0.16,11241
2853,2017,Andrew Susac,MIL,8,12,12,1,1,0,0,0,0,0,0,0,6,0,0,0,0,0,0,0.083333333,13132
2854,2017,Alex D. Mejia,STL,24,49,46,5,4,0,0,1,6,3,2,0,13,0,0,1,2,0,0,0.108695652,13877
2855,2017,Francisco Mejia,CLE,10,13,12,2,2,0,0,0,1,1,1,1,3,0,0,0,0,0,0,0.166666666,16403
2856,2017,Greg Allen,CLE,17,38,34,8,6,1,0,1,7,6,2,0,7,1,1,0,0,1,0,0.235294117,16623
2857,2017,Brian Anderson,MIA,25,95,84,22,14,7,1,0,11,8,10,0,28,0,1,0,1,0,0,0.261904761,18289
2858,2017,Abraham Almonte,CLE,62,193,170,39,25,8,3,3,26,14,20,0,46,1,1,1,2,2,1,0.229411764,5486
2859,2017,Carlos Moncrief,SFG,28,43,38,8,7,1,0,0,4,5,3,0,15,0,2,0,0,0,0,0.210526315,7511
2860,2017,Chad Bettis,COL,8,15,11,1,1,0,0,0,1,1,1,0,6,0,0,3,0,0,0,0.09090909,10587
2861,2017,Jesen Therrien,PHI,2,2,2,0,0,0,0,0,0,0,0,0,2,0,0,0,0,0,0,0.0,15853
2862,2017,Harrison Bader,STL,31,92,85,20,14,3,0,3,10,10,5,1,24,1,1,0,1,2,1,0.235294117,18030
2863,2017,Albert Pujols,LAA,148,629,587,143,103,17,0,23,53,100,36,5,92,2,4,0,26,3,0,0.243611584,1177
2864,2017,Adrian Gonzalez,LAD,71,252,231,56,36,17,0,3,14,30,16,1,43,0,4,0,7,0,0,0.242424242,1908
2865,2017,Lucas Duda,TBR,52,194,166,29,9,7,0,13,20,27,22,2,59,4,2,0,3,0,0,0.174698795,2502
2866,2017,Mitch Moreland,BOS,147,564,498,123,68,33,0,22,70,79,56,6,115,5,5,0,14,0,1,0.246987951,3086
2867,2017,Alex Gordon,KCR,146,541,476,99,68,20,2,9,52,45,45,3,126,14,4,2,7,7,4,0.207983193,5209
2868,2017,Ezequiel Carrera,TOR,103,321,283,79,60,10,1,8,38,19,30,0,74,3,0,5,4,10,1,0.279151943,9048
2869,2017,Rob Brantly,CHW,12,36,31,9,6,1,0,2,4,5,3,0,14,2,0,0,0,0,0,0.29032258,10655
2870,2017,Raffy Lopez,TOR,23,63,54,12,7,1,0,4,9,12,7,0,21,0,1,0,1,0,0,0.222222222,12606
2871,2017,Jose Ramirez,CLE,152,638,578,182,94,53,6,29,107,82,52,5,69,3,5,0,13,17,5,0.314878892,13510
2872,2017,Gavin Cecchini,NYM,32,82,77,16,13,2,0,1,4,7,4,1,19,1,0,0,3,0,1,0.207792207,17005
2873,2017,Miguel Diaz,SDP,3,4,3,0,0,0,0,0,0,0,0,0,0,0,0,1,0,0,0,0.0,18815
2874,2017,Cole Hamels,TEX,1,3,3,0,0,0,0,0,0,1,0,0,1,0,0,0,0,0,0,0.0,4972
2875,2017,Miguel Gonzalez,TEX,1,1,0,0,0,0,0,0,1,0,1,0,0,0,0,0,0,0,0,0.0,7024
2876,2017,Gio Gonzalez,WSN,30,74,65,6,6,0,0,0,3,5,4,0,29,0,0,5,0,0,0,0.092307692,7448
2877,2017,David Freese,PIT,130,503,426,112,86,16,0,10,44,52,58,5,116,15,4,0,10,0,1,0.262910798,9549
2878,2017,Michael Saunders,TOR,11,20,18,3,3,0,0,0,1,1,2,0,4,0,0,0,0,0,0,0.166666666,9981
2879,2017,Teoscar Hernandez,TOR,26,95,88,23,9,6,0,8,16,20,6,0,36,0,1,0,0,0,1,0.261363636,13066
2880,2017,Wilmer Difo,WSN,120,363,330,89,71,10,4,4,46,20,24,6,74,1,3,5,7,10,1,0.269696969,14320
2881,2017,Renato Nunez,OAK,8,16,15,3,2,0,0,1,1,3,1,0,8,0,0,0,0,0,0,0.2,14503
2882,2017,Raudy Read,WSN,8,11,11,3,3,0,0,0,1,0,0,0,3,0,0,0,0,0,0,0.272727272,15766
2883,2017,Jon Lester,CHC,28,65,54,8,4,3,0,1,5,6,4,0,26,0,1,6,0,1,0,0.148148148,4930
2884,2017,Jeurys Familia,NYM,1,1,1,0,0,0,0,0,0,0,0,0,1,0,0,0,0,0,0,0.0,5114
2885,2017,Starling Marte,PIT,77,339,309,85,69,7,2,7,48,31,20,0,63,8,2,0,5,21,4,0.275080906,9241
2886,2017,Trayce Thompson,LAD,23,55,49,6,2,2,1,1,6,2,6,1,23,0,0,0,0,0,0,0.122448979,9952
2887,2017,Jameson Taillon,PIT,23,43,38,6,6,0,0,0,2,0,0,0,15,0,0,5,2,0,0,0.157894736,11674
2888,2017,Bradley Zimmer,CLE,94,328,295,70,46,14,2,8,40,38,26,1,98,4,3,0,5,18,1,0.237288135,16221
2889,2017,Alex Verdugo,LAD,15,25,23,4,3,0,0,1,1,1,2,0,4,0,0,0,1,0,1,0.173913043,17027
2890,2017,DJ LeMahieu,COL,155,675,603,188,149,27,4,8,94,63,58,1,88,6,5,3,24,6,5,0.311774461,9874
2891,2017,Kevan Smith,CHW,85,290,272,77,56,17,0,4,23,30,9,0,44,3,3,2,9,0,0,0.283088235,12284
2892,2017,Amir Garrett,CIN,12,23,19,1,0,1,0,0,1,1,0,0,6,0,0,4,3,0,0,0.052631578,14375
2893,2017,Trea Turner,WSN,97,442,408,117,76,24,6,11,75,45,29,0,78,4,1,0,4,46,8,0.286764705,16252
2894,2017,Jordan Luplow,PIT,26,87,78,16,9,3,1,3,6,11,6,0,22,2,1,0,4,0,1,0.205128205,16424
2895,2017,Jose Reyes,NYM,143,556,497,122,76,25,6,15,74,58,49,1,78,2,3,5,3,24,6,0.245472837,1736
2896,2017,Chase Anderson,MIL,24,53,50,6,5,1,0,0,1,3,0,0,28,0,0,3,1,0,0,0.12,6895
2897,2017,Will Middlebrooks,TEX,19,39,38,8,4,2,2,0,5,3,1,0,14,0,0,0,0,0,0,0.210526315,7002
2898,2017,Max Stassi,HOU,12,31,24,4,1,1,0,2,5,4,6,0,4,0,1,0,2,0,0,0.166666666,10059
2899,2017,Curt Casali,TBR,6,11,8,3,2,0,0,1,2,2,2,0,3,0,1,0,0,0,0,0.375,12510
2900,2017,Joey Wendle,OAK,7,14,13,4,2,1,0,1,3,5,1,1,3,0,0,0,0,0,0,0.307692307,13853
2901,2017,Rob Zastryzny,CHC,2,3,3,1,1,0,0,0,0,0,0,0,0,0,0,0,0,0,0,0.333333333,15094
2902,2017,Boog Powell,OAK,27,92,81,26,18,5,0,3,18,10,9,0,21,0,2,0,1,0,1,0.320987654,15103
2903,2017,Tyler White,HOU,21,67,61,17,8,6,0,3,7,10,4,0,16,1,1,0,0,0,1,0.278688524,15564
2904,2017,Matt Chapman,OAK,83,326,290,68,29,23,2,14,39,40,32,0,92,2,2,0,2,0,3,0.234482758,16505
2905,2017,Erik Kratz,NYY,2,2,2,2,1,1,0,0,0,2,0,0,0,0,0,0,0,0,0,1.0,4403
2906,2017,Rich Hill,LAD,23,49,45,5,4,1,0,0,1,4,0,0,18,2,1,1,0,0,0,0.111111111,4806
2907,2017,Jon Jay,CHC,140,419,367,108,85,18,3,2,63,32,37,3,79,10,2,3,8,6,2,0.294277929,5227
2908,2017,Jean Segura,SEA,124,559,517,154,111,30,2,11,78,45,34,3,82,6,1,0,14,22,8,0.29787234,5933
2909,2017,A.J. Jimenez,TEX,7,13,12,1,1,0,0,0,0,0,0,0,7,0,0,1,1,0,0,0.083333333,7077
2910,2017,Zach Vincej,CIN,9,12,9,1,1,0,0,0,2,0,1,0,5,2,0,0,0,0,0,0.111111111,13269
2911,2017,Christian Walker,ARI,11,15,12,3,0,1,0,2,2,2,1,0,5,2,0,0,0,0,0,0.25,13419
2912,2017,Kevin Kiermaier,TBR,97,413,373,105,72,15,3,15,56,39,31,2,93,4,1,4,3,16,7,0.28150134,11038
2913,2017,Dixon Machado,DET,65,181,166,43,36,5,1,1,17,11,10,0,32,1,2,2,6,1,0,0.259036144,11472
2914,2017,Brandon Woodruff,MIL,6,12,10,2,2,0,0,0,2,0,1,0,2,0,0,1,0,0,0,0.2,16162
2915,2017,Rajai Davis,BOS,16,38,36,9,7,2,0,0,7,2,1,0,13,1,0,0,2,3,1,0.25,3708
2916,2017,Alberto Rosario,STL,3,3,3,0,0,0,0,0,0,0,0,0,1,0,0,0,1,0,0,0.0,7125
2917,2017,Jeremy Jeffress,MIL,2,2,2,0,0,0,0,0,0,0,0,0,2,0,0,0,0,0,0,0.0,9490
2918,2017,Kyle Seager,SEA,154,645,574,142,82,32,1,27,71,88,57,6,110,8,6,0,6,2,1,0.247386759,9785
2919,2017,Jorge Alfaro,PHI,29,114,107,34,23,6,0,5,12,14,3,1,33,4,0,0,2,0,0,0.317757009,12180
2920,2017,J.P. Crawford,PHI,23,87,70,15,10,4,1,0,8,6,16,0,22,0,1,0,1,1,0,0.214285714,15491
2921,2017,Patrick Corbin,ARI,32,70,56,7,6,0,1,0,6,0,6,0,28,0,0,8,0,0,0,0.125,9323
2922,2017,Tucker Barnhart,CIN,119,417,364,98,65,24,2,7,25,44,42,11,66,3,3,5,12,4,0,0.269230769,10200
2923,2017,Tomas Nido,NYM,5,10,10,3,2,1,0,0,0,3,0,0,2,0,0,0,0,0,0,0.3,13755
2924,2017,Daniel Vogelbach,SEA,12,25,23,5,4,1,0,0,0,1,2,0,8,0,0,0,2,0,0,0.217391304,14130
2925,2017,Amed Rosario,NYM,46,170,165,41,29,4,4,4,16,10,3,0,49,2,0,0,3,7,3,0.248484848,15518
2926,2017,Clint Frazier,NYY,39,142,134,31,14,9,4,4,16,17,7,0,43,0,1,0,2,1,0,0.231343283,15983
2927,2017,Willie Calhoun,TEX,13,37,34,9,8,0,0,1,3,4,2,0,7,1,0,0,0,0,0,0.264705882,17838
2928,2017,Javy Guerra,MIA,1,1,1,0,0,0,0,0,0,0,0,0,1,0,0,0,0,0,0,0.0,7407
2929,2017,Leonys Martin,CHC,10,16,13,2,1,1,0,0,2,1,3,0,4,0,0,0,0,1,0,0.153846153,11846
2930,2017,Eugenio Suarez,CIN,154,621,523,135,84,23,2,26,85,79,84,1,143,9,5,0,16,4,5,0.258126195,12552
2931,2017,Jake Thompson,PHI,8,14,12,2,1,1,0,0,1,0,1,0,5,0,0,1,0,0,0,0.166666666,14371
2932,2017,Zack Godley,ARI,25,52,41,2,2,0,0,0,1,2,2,0,25,0,0,9,0,0,0,0.048780487,14862
2933,2017,Jen-Ho Tseng,CHC,1,1,1,0,0,0,0,0,0,1,0,0,0,0,0,0,0,0,0,0.0,15524
2934,2017,Chance Sisco,BAL,8,22,18,6,2,2,0,2,3,4,3,0,7,1,0,0,0,0,0,0.333333333,15694
2935,2017,Victor Robles,WSN,11,27,24,6,3,1,2,0,2,4,0,0,6,2,0,1,2,0,1,0.25,18363
2936,2017,Didi Gregorius,NYY,136,568,532,153,101,27,0,25,73,87,25,1,70,3,7,0,7,3,1,0.287593984,6012
2937,2017,Rafael Montero,NYM,16,28,25,2,2,0,0,0,1,1,0,0,10,0,0,3,0,0,0,0.08,12760
2938,2017,Mark Leiter Jr.,PHI,15,26,25,2,2,0,0,0,0,0,0,0,12,0,0,1,1,0,0,0.08,15551
2939,2017,Daniel Mengden,OAK,1,4,2,1,1,0,0,0,1,0,1,0,0,0,0,1,0,0,0,0.5,16980
2940,2017,Adrian Beltre,TEX,94,387,338,106,66,22,1,17,47,71,39,2,52,4,6,0,7,1,0,0.313609467,639
2941,2017,Zack Cozart,CIN,122,496,428,125,72,24,7,22,77,59,61,0,76,3,4,0,4,3,0,0.292056074,2616
2942,2017,Anthony Santander,BAL,13,31,30,8,5,3,0,0,1,2,0,0,8,0,1,0,0,0,0,0.266666666,14551
2943,2017,Tim Anderson,CHW,146,597,579,149,102,26,4,17,71,56,12,0,162,3,1,2,13,15,1,0.257340241,15172
2944,2017,Kendall Graveman,OAK,1,1,1,0,0,0,0,0,0,0,0,0,1,0,0,0,0,0,0,0.0,15514
2945,2017,Jacob Hannemann,SEA,9,20,20,3,2,0,0,1,3,1,0,0,4,0,0,0,0,0,1,0.15,15644
2946,2017,Pablo Sandoval,SFG,47,171,160,36,22,9,0,5,17,20,8,0,29,1,2,0,7,0,0,0.225,5409
2947,2017,Henderson Alvarez III,PHI,3,6,6,0,0,0,0,0,0,0,0,0,2,0,0,0,0,0,0,0.0,5669
2948,2017,Ian Kinsler,DET,139,605,543,129,79,25,3,22,90,52,55,2,84,7,0,0,9,14,5,0.23756906,6195
2949,2017,Scooter Gennett,CIN,139,491,456,135,83,22,3,27,79,96,29,1,113,4,2,0,14,3,2,0.296052631,10339
2950,2017,David Freitas,ATL,5,17,17,4,2,2,0,0,2,2,0,0,4,0,0,0,1,0,0,0.235294117,10619
2951,2017,Kevin Pillar,TOR,148,614,569,146,95,35,1,15,71,41,33,0,91,6,3,3,13,15,6,0.256590509,12434
2952,2017,Willy Garcia,CHW,41,119,105,25,15,5,3,2,15,12,11,0,31,0,2,1,2,0,0,0.238095238,12956
2953,2017,Hyun Jin Ryu,LAD,21,38,30,4,3,1,0,0,3,0,3,0,18,1,0,4,0,0,0,0.133333333,14444
2954,2017,Sean Manaea,OAK,2,5,3,0,0,0,0,0,0,0,1,0,2,0,0,1,0,0,0,0.0,15873
2955,2017,Craig Gentry,BAL,52,116,100,26,18,5,1,2,17,11,11,0,24,1,1,3,1,5,4,0.26,9571
2956,2017,Christian Villanueva,SDP,12,32,32,11,6,1,0,4,5,7,0,0,10,0,0,0,0,0,0,0.34375,11738
2957,2017,Austin Hays,BAL,18,61,58,13,9,3,0,1,4,8,2,0,15,0,1,0,2,0,0,0.224137931,19363
2958,2017,Robinson Chirinos,TEX,84,304,260,67,36,13,1,17,45,38,32,0,79,10,1,1,5,1,0,0.257692307,3142
2959,2017,Yasmani Grandal,LAD,129,482,438,108,59,27,0,22,50,58,40,0,130,0,3,1,10,0,1,0.246575342,11368
2960,2017,Travis Jankowski,SDP,26,87,75,14,12,2,0,0,10,1,9,0,28,1,0,2,2,4,0,0.186666666,13768
2961,2017,Matt Moore,SFG,29,53,47,6,6,0,0,0,3,4,2,0,19,0,0,4,2,0,0,0.127659574,1890
2962,2017,Jed Lowrie,OAK,151,634,557,154,88,49,3,14,83,69,72,2,96,2,3,0,10,0,1,0.276481149,4418
2963,2017,Yangervis Solarte,SDP,127,512,466,119,80,21,0,18,49,64,37,4,61,5,4,0,18,3,0,0.255364806,5352
2964,2017,Marwin Gonzalez,HOU,132,509,450,135,80,33,0,22,65,89,48,4,99,6,2,3,8,7,3,0.3,5497
2965,2017,Gio Urshela,CLE,56,162,154,35,27,7,0,1,13,15,7,0,21,0,0,1,5,0,0,0.227272727,10681
2966,2017,Archie Bradley,ARI,4,4,4,1,1,0,0,0,0,1,0,0,2,0,0,0,0,0,0,0.25,12918
2967,2017,Alex Wood,LAD,26,58,52,3,3,0,0,0,1,4,2,0,29,0,0,4,1,0,0,0.057692307,13781
2968,2017,Jorge Soler,KCR,33,110,97,14,7,5,0,2,7,6,12,1,36,1,0,0,5,0,0,0.144329896,14221
2969,2017,Sam Travis,BOS,31,81,75,20,14,6,0,0,12,1,5,0,22,1,0,0,2,1,0,0.266666666,16263
2970,2017,Aaron Wilkerson,MIL,2,4,4,0,0,0,0,0,0,0,0,0,1,0,0,0,0,0,0,0.0,16904
2971,2017,Charlie Culberson,LAD,9,15,13,2,1,1,0,0,0,1,2,0,4,0,0,0,2,0,0,0.153846153,3298
2972,2017,Jake Arrieta,CHC,29,64,61,8,6,0,1,1,2,5,1,0,32,0,0,2,0,0,0,0.13114754,4153
2973,2017,Mike Moustakas,KCR,148,596,553,151,89,24,0,38,75,85,34,7,93,3,6,0,18,0,0,0.273056057,4892
2974,2017,Yadier Molina,STL,136,538,497,135,89,27,1,18,58,79,28,4,73,4,8,1,14,9,4,0.271629778,7007
2975,2017,Kendrys Morales,TOR,148,592,542,132,84,22,0,26,63,82,42,1,130,5,3,0,21,0,0,0.243542435,8610
2976,2017,Tyler Saladino,CHW,75,278,251,45,34,9,2,0,23,10,22,0,66,3,0,2,5,5,3,0.179282868,10807
2977,2017,Austin Barnes,LAD,98,262,218,63,38,15,2,8,35,38,39,1,43,5,0,0,6,4,1,0.288990825,12158
2978,2017,Mikie Mahtook,DET,104,379,348,96,63,15,6,12,50,38,23,0,79,6,2,0,4,6,0,0.275862068,13130
2979,2017,Richard Urena,TOR,20,75,68,14,9,4,0,1,6,4,6,0,28,0,0,1,0,1,0,0.205882352,16411
2980,2017,John Lackey,CHC,28,57,49,4,4,0,0,0,2,1,3,0,23,0,0,5,0,1,1,0.081632653,1507
2981,2017,Matt Holliday,NYY,105,427,373,86,49,18,0,19,50,64,46,0,114,3,5,0,14,1,0,0.230563002,1873
2982,2017,Carlos Ruiz,SEA,50,142,123,27,16,8,0,3,14,11,13,0,37,4,1,1,4,1,0,0.219512195,2579
2983,2017,Rick Porcello,BOS,2,4,4,0,0,0,0,0,0,0,0,0,3,0,0,0,0,0,0,0.0,2717
2984,2017,David Price,BOS,1,1,1,1,1,0,0,0,0,0,0,0,0,0,0,0,0,0,0,1.0,3184
2985,2017,Junichi Tazawa,MIA,1,1,1,0,0,0,0,0,0,0,0,0,0,0,0,0,0,0,0,0.0,4079
2986,2017,Caleb Joseph,BAL,80,263,251,65,42,14,1,8,31,28,10,0,71,1,0,1,7,0,0,0.258964143,7087
2987,2017,Jordan Lyles,SDP,5,9,8,2,2,0,0,0,1,3,1,0,3,0,0,0,0,0,0,0.25,7593
2988,2017,Juan Nicasio,STL,1,1,1,0,0,0,0,0,0,0,0,0,0,0,0,0,0,0,0,0.0,7731
2989,2017,Justin Bour,MIA,108,424,373,108,65,18,0,25,51,83,46,7,94,1,4,0,10,1,0,0.289544235,9744
2990,2017,Derek Dietrich,MIA,132,459,401,100,61,22,4,13,55,51,36,5,97,18,4,0,4,0,1,0.249376558,10542
2991,2017,Kolten Wong,STL,103,408,352,100,66,27,3,4,54,41,40,11,60,12,3,1,4,7,2,0.284090909,12532
2992,2017,Chris Taylor,LAD,140,568,514,148,88,34,5,21,85,72,50,0,142,3,1,0,2,17,4,0.287937743,13757
2993,2017,Matt Olson,OAK,57,213,186,49,23,2,0,24,33,45,22,1,58,5,0,0,6,0,0,0.26344086,14344
2994,2017,JaCoby Jones,DET,50,154,141,24,17,3,1,3,14,13,9,0,65,4,0,0,5,6,2,0.170212765,14818
2995,2017,Rafael Bautista,WSN,14,27,25,4,4,0,0,0,2,0,2,0,5,0,0,0,1,0,0,0.16,15769
2996,2017,Ehire Adrianza,MIN,65,186,162,43,30,9,2,2,30,24,16,1,25,1,6,1,0,8,1,0.265432098,8418
2997,2017,Dustin Garneau,OAK,17,52,44,7,5,1,0,1,5,3,8,0,12,0,0,0,2,0,0,0.159090909,9433
2998,2017,Stephen Strasburg,WSN,25,60,54,7,5,0,0,2,5,3,2,0,14,0,0,4,0,0,0,0.129629629,10131
2999,2017,Anthony Rendon,WSN,146,600,504,151,84,41,1,25,80,98,83,6,82,7,6,0,7,7,2,0.299603174,12861
3000,2017,Gregory Polanco,PIT,108,406,375,93,63,19,0,11,38,35,26,4,60,3,1,0,5,8,1,0.248,12907
3001,2017,Eduardo Rodriguez,BOS,3,7,7,0,0,0,0,0,0,0,0,0,2,0,0,0,0,0,0,0.0,13164
3002,2017,Jake Lamb,ARI,149,626,527,129,68,28,4,29,87,102,87,13,150,7,5,0,15,6,3,0.244781783,13329
3003,2017,Tyler Naquin,CLE,15,40,37,8,6,2,0,0,4,1,2,0,9,0,1,0,1,0,1,0.216216216,13359
3004,2017,Kevin Plawecki,NYM,34,118,100,26,18,5,0,3,11,13,14,2,17,3,1,0,2,1,0,0.26,13807
3005,2017,Trey Mancini,BAL,147,581,538,159,105,26,4,24,65,78,33,1,136,6,4,0,12,1,0,0.295539033,15149
3006,2017,Adam Frazier,PIT,121,450,403,110,78,20,6,6,55,53,35,2,56,8,3,1,9,9,5,0.272952853,15223
3007,2017,Yoan Moncada,CHW,54,229,197,46,28,8,2,8,31,22,29,0,73,3,0,0,0,3,2,0.233502538,17232
3008,2017,Pedro Alvarez,BAL,14,34,32,10,8,1,0,1,4,4,2,0,10,0,0,0,0,0,0,0.3125,2495
3009,2017,Asdrubal Cabrera,NYM,135,536,475,134,88,32,0,14,65,59,50,1,82,5,5,1,19,3,2,0.282105263,4962
3010,2017,Kurt Suzuki,ATL,81,309,276,78,46,13,0,19,38,50,17,2,39,13,2,1,5,0,0,0.282608695,8259
3011,2017,Doug Fister,BOS,1,2,2,0,0,0,0,0,0,0,0,0,0,0,0,0,0,0,0,0.0,9425
3012,2017,Tommy Joseph,PHI,142,529,492,118,69,26,1,22,51,69,33,1,128,1,3,0,21,1,0,0.239837398,10349
3013,2017,Mark Canha,OAK,55,184,170,36,17,13,1,5,16,14,7,0,55,6,1,0,5,2,0,0.211764705,11445
3014,2017,Phillip Evans,NYM,18,38,33,10,8,2,0,0,4,1,4,0,8,1,0,0,0,0,0,0.303030303,12950
3015,2017,John Gant,STL,3,3,3,0,0,0,0,0,0,0,0,0,0,0,0,0,0,0,0,0.0,13684
3016,2017,Jacob Stallings,PIT,4,16,14,5,3,2,0,0,3,3,2,1,2,0,0,0,0,0,0,0.357142857,13723
3017,2017,Luiz Gohara,ATL,5,10,9,0,0,0,0,0,0,0,0,0,7,0,0,1,1,0,0,0.0,15166
3018,2017,Tyler Chatwood,COL,24,45,38,6,5,1,0,0,5,2,1,0,9,0,0,6,0,0,0,0.157894736,4338
3019,2017,Kristopher Negron,ARI,12,31,25,4,3,1,0,0,3,1,4,0,7,1,0,1,1,0,0,0.16,5306
3020,2017,John Ryan Murphy,ARI,2,7,7,1,0,1,0,0,0,1,0,0,1,0,0,0,1,0,0,0.142857142,10346
3021,2017,Yu Darvish,LAD,9,20,17,1,1,0,0,0,0,0,1,0,14,0,0,2,0,0,0,0.058823529,13074
3022,2017,Norichika Aoki,NYM,27,116,102,29,21,7,1,0,16,8,13,0,10,1,0,0,1,5,0,0.284313725,13075
3023,2017,Max Fried,ATL,5,9,7,0,0,0,0,0,1,0,1,0,3,0,0,1,0,0,0,0.0,13743
3024,2017,Rio Ruiz,ATL,52,173,150,29,20,5,0,4,22,19,19,1,41,1,3,0,4,1,0,0.193333333,14103
3025,2017,Franklin Barreto,OAK,24,76,71,14,9,1,2,2,10,6,5,0,33,0,0,0,1,2,0,0.197183098,15519
3026,2017,Odrisamer Despaigne,MIA,9,20,19,2,2,0,0,0,0,1,0,0,5,0,0,1,0,0,0,0.105263157,16017
3027,2017,Ozzie Albies,ATL,57,244,217,62,42,9,5,6,34,28,21,0,36,3,2,1,3,8,1,0.285714285,16556
3028,2017,J.J. Hardy,BAL,72,266,252,55,37,13,1,4,24,24,12,0,47,1,0,1,7,0,1,0.218253968,3797
3029,2017,Josh Donaldson,TOR,112,494,413,111,58,21,0,32,64,77,76,1,110,3,2,0,5,2,2,0.268765133,5038
3030,2017,Travis Taijeron,NYM,26,59,52,9,6,2,0,1,3,3,5,0,24,2,0,0,1,0,0,0.173076923,11935
3031,2017,Kevin Gausman,BAL,2,2,2,0,0,0,0,0,0,0,0,0,1,0,0,0,0,0,0,0.0,14107
3032,2017,Byron Buxton,MIN,134,503,455,114,80,13,6,15,68,50,38,2,149,3,2,5,1,29,1,0.25054945,14161
3033,2017,A.J. Ellis,MIA,51,160,141,30,19,5,0,6,17,14,11,0,29,6,0,2,6,0,0,0.212765957,5677
3034,2017,Homer Bailey,CIN,17,35,28,7,5,2,0,0,4,0,0,0,11,0,0,7,0,0,0,0.25,8362
3035,2017,AJ Pollock,ARI,111,455,415,110,57,33,6,14,72,48,34,1,68,6,0,0,7,20,6,0.26506024,9256
3036,2017,Jace Peterson,ATL,86,214,185,39,26,9,2,2,15,17,27,3,48,1,0,1,4,3,0,0.21081081,12325
3037,2017,Mike Marjama,SEA,4,9,9,3,1,1,0,1,1,1,0,0,1,0,0,0,0,0,0,0.333333333,12594
3038,2017,Gabriel Ynoa,BAL,1,1,1,0,0,0,0,0,0,0,0,0,0,0,0,0,0,0,0,0.0,12938
3039,2017,Pedro Severino,WSN,16,31,29,5,4,1,0,0,0,3,2,1,10,0,0,0,0,0,0,0.172413793,14523
3040,2017,Allen Cordoba,SDP,93,227,202,42,34,2,2,4,17,15,18,1,54,4,3,0,2,2,2,0.207920792,15722
3041,2017,J.D. Davis,HOU,22,68,62,14,6,4,0,4,8,7,4,0,20,1,1,0,3,1,1,0.225806451,16219
3042,2017,Cliff Pennington,LAA,78,214,192,49,40,6,0,3,23,21,15,0,57,1,5,1,2,3,1,0.255208333,3395
3043,2017,Cheslor Cuthbert,KCR,51,153,143,33,24,7,0,2,10,18,9,0,39,0,1,0,2,0,0,0.23076923,10473
3044,2017,Carlos Perez,LAA,9,18,17,2,1,0,0,1,1,3,1,0,5,0,0,0,0,0,0,0.117647058,10642
3045,2017,Yolmer Sanchez,CHW,137,525,475,128,89,19,8,12,63,59,35,2,108,4,4,7,10,8,9,0.269473684,11602
3046,2017,J.T. Realmuto,MIA,140,576,529,147,95,30,5,17,68,65,36,4,105,8,3,0,12,8,2,0.277882797,11739
3047,2017,Taylor Davis,CHC,7,13,13,3,2,1,0,0,1,1,0,0,4,0,0,0,0,0,0,0.23076923,12782
3048,2017,Blake Swihart,BOS,6,7,5,1,1,0,0,0,1,0,2,0,3,0,0,0,0,0,0,0.2,13176
3049,2017,Victor Caratini,CHC,29,66,59,15,11,3,0,1,6,2,4,1,13,3,0,0,3,0,0,0.254237288,14968
3050,2017,Zack Granite,MIN,38,107,93,22,19,2,0,1,14,13,12,0,9,0,1,1,6,2,2,0.236559139,15343
3051,2017,Andrew Benintendi,BOS,151,643,561,152,106,25,1,20,84,87,68,7,109,6,7,1,16,19,5,0.270944741,17901
3052,2017,Dillon Peters,MIA,6,11,9,0,0,0,0,0,1,0,0,0,8,0,0,2,0,0,0,0.0,18790
3053,2017,Hector Rondon,CHC,2,2,2,1,1,0,0,0,0,0,0,0,0,0,0,0,0,0,0,0.5,2391
3054,2017,Curtis Granderson,LAD,35,132,112,18,9,2,0,7,16,12,18,0,33,2,0,0,1,2,0,0.160714285,4747
3055,2017,Jake Smolinski,OAK,13,29,27,7,6,1,0,0,1,0,1,0,6,1,0,0,0,0,0,0.259259259,5408
3056,2017,Eric Young Jr.,LAA,45,125,110,29,20,5,0,4,24,16,5,0,31,7,0,3,0,12,3,0.263636363,7158
3057,2017,Cesar Puello,TBR,13,35,30,6,6,0,0,0,5,2,4,0,11,1,0,0,2,0,0,0.2,7216
3058,2017,Kyle Schwarber,CHC,128,468,405,87,40,16,1,30,66,57,58,1,144,5,0,0,6,1,1,0.214814814,16478
3059,2017,Dansby Swanson,ATL,141,550,487,113,82,23,2,6,59,50,59,10,120,0,4,0,7,3,3,0.232032854,18314
3060,2017,Matt Cain,SFG,19,32,30,5,3,2,0,0,1,2,0,0,18,0,0,2,0,0,0,0.166666666,4732
3061,2017,Jose Altuve,HOU,153,654,582,202,136,38,4,24,111,81,58,3,82,9,4,1,19,32,6,0.347079037,5417
3062,2017,Jacob Barnes,MIL,1,1,0,0,0,0,0,0,0,0,1,0,0,0,0,0,0,0,0,0.0,12323
3063,2017,Dominic Smith,NYM,49,183,167,33,18,6,0,9,17,26,14,0,49,1,1,0,5,0,0,0.19760479,15653
3064,2017,Aledmys Diaz,STL,77,296,281,71,49,15,0,7,28,20,13,1,42,0,1,1,8,4,1,0.252669039,15937
3065,2017,Erick Aybar,SDP,106,370,333,78,55,15,1,7,37,22,28,2,57,4,2,3,5,11,4,0.234234234,4082
3066,2017,Juan Graterol,LAA,32,87,84,17,13,4,0,0,5,10,1,0,13,0,2,0,4,0,0,0.202380952,5398
3067,2017,Hernan Perez,MIL,127,449,423,109,76,16,3,14,45,50,20,1,77,0,4,2,8,13,4,0.257683215,5751
3068,2017,Gordon Beckham,SEA,9,18,17,3,3,0,0,0,2,0,1,0,2,0,0,0,2,1,0,0.176470588,9015
3069,2017,Quintin Berry,MIL,5,3,3,0,0,0,0,0,0,0,0,0,2,0,0,0,0,2,1,0.0,9414
3070,2017,Rocky Gale,SDP,3,10,10,1,0,0,0,1,1,2,0,0,2,0,0,0,0,0,0,0.1,10533
3071,2017,Greg Garcia,STL,126,290,241,61,48,9,2,2,27,20,37,0,64,6,1,5,6,2,1,0.253112033,10951
3072,2017,Jose Urena,MIA,28,55,47,4,3,1,0,0,3,2,0,0,28,0,0,8,0,0,0,0.085106382,11589
3073,2017,Deck McGuire,CIN,2,3,3,0,0,0,0,0,0,1,0,0,1,0,0,0,0,0,0,0.0,11596
3074,2017,Brandon Drury,ARI,134,469,436,116,64,37,2,13,39,61,28,1,100,3,2,0,9,1,1,0.266055045,11615
3075,2017,Noah Syndergaard,NYM,5,12,9,2,2,0,0,0,0,0,2,0,5,0,0,1,0,0,0,0.222222222,11762
3076,2017,Angel Sanchez,PIT,1,1,1,0,0,0,0,0,0,0,0,0,0,0,0,0,0,0,0,0.0,11776
3077,2017,Tyler Austin,NYY,16,46,40,9,5,2,0,2,4,8,4,0,17,0,2,0,1,0,0,0.225,11850
3078,2017,Kennys Vargas,MIN,76,264,241,61,37,13,0,11,33,41,20,1,77,2,1,0,10,0,0,0.253112033,12101
3079,2017,Breyvic Valera,STL,5,11,10,1,1,0,0,0,0,0,1,0,0,0,0,0,0,0,0,0.1,12758
3080,2017,Jackie Bradley Jr.,BOS,133,533,475,117,78,19,3,17,58,61,48,4,122,8,2,0,8,8,3,0.246315789,12984
3081,2017,Ildemaro Vargas,ARI,10,13,13,4,3,1,0,0,4,4,0,0,3,0,0,0,1,0,0,0.307692307,13324
3082,2017,Luis Perdomo,SDP,27,53,46,5,0,1,4,0,3,3,1,0,20,0,0,6,1,0,0,0.108695652,14682
3083,2017,Phillip Ervin,CIN,28,62,56,13,9,1,0,3,7,8,4,0,15,1,0,1,1,4,1,0.232142857,14738
3084,2017,Tony Kemp,HOU,14,39,37,8,7,1,0,0,6,4,1,0,5,1,0,0,0,1,0,0.216216216,14894
3085,2017,Tim Locastro,LAD,2,1,1,0,0,0,0,0,0,0,0,0,0,0,0,0,0,1,0,0.0,15124
3086,2017,Mitch Garver,MIN,20,52,46,9,5,1,3,0,5,3,6,0,15,0,0,0,1,0,0,0.195652173,15161
3087,2017,Nick Pivetta,PHI,24,48,44,3,3,0,0,0,3,0,0,0,21,0,0,4,1,0,0,0.068181818,15454
3088,2017,Colin Moran,HOU,6,12,11,4,2,0,1,1,3,3,1,0,1,0,0,0,0,0,0,0.363636363,16909
3089,2017,Chad Wallach,CIN,5,11,11,1,1,0,0,0,0,0,0,0,5,0,0,0,0,0,0,0.09090909,17161
3090,2017,Kenta Maeda,LAD,26,44,39,5,4,1,0,0,2,4,0,0,3,0,0,5,1,0,0,0.128205128,18498
