,Season,Name,Tm,G,TBF,ERA,H,2B,3B,R,ER,HR,BB,IBB,HBP,SO,AVG,OBP,SLG,wOBA,playerId
0,2015,Adam Wainwright,STL,7,111,1.60714286,25,9,0,7,5,0,4,0,0,20,0.238095238,0.266055045,0.323809523,0.2582292523952799,2233
1,2015,Joe Nathan,DET,1,1,0.0,0,0,0,0,0,0,0,0,0,1,0.0,0.0,0.0,0.0,1122
2,2015,Adam Ottavino,COL,10,35,0.0,3,0,0,0,0,0,2,0,1,13,0.09375,0.171428571,0.09375,0.1352653690746852,1247
3,2015,David Phelps,MIA,23,482,4.5,119,19,3,59,56,11,33,0,4,77,0.271689497,0.325,0.404109589,0.3180397652089596,6316
4,2015,Ross Detwiler,TEX,17,208,7.171875,62,12,2,37,34,9,20,0,3,28,0.342541436,0.410628019,0.580110497,0.4207469648209171,2859
5,2015,Wesley Wright,BAL,2,7,5.39999999,2,1,0,1,1,0,0,0,0,0,0.333333333,0.285714285,0.5,0.3052991969244821,5960
6,2015,Huston Street,LAA,62,255,3.17647059,52,5,2,22,22,7,20,5,0,57,0.226086956,0.28458498,0.356521739,0.2729867321829642,8258
7,2015,Cody Allen,CLE,70,286,2.85576923,56,16,0,25,22,2,25,2,2,99,0.21875,0.29122807,0.3046875,0.2647910733105015,12183
8,2015,Angel Nesbitt,DET,24,98,5.4,22,4,0,14,13,2,8,2,4,14,0.26506024,0.354166666,0.385542168,0.3217279961768617,13415
9,2015,Asher Wojciechowski,HOU,5,79,7.16326531,23,8,2,13,13,2,7,0,0,16,0.328571428,0.379746835,0.585714285,0.4033678679526606,10836
10,2015,Anthony DeSclafani,CIN,31,785,4.04512635,194,43,3,93,83,17,55,5,5,151,0.273239436,0.327741935,0.414084507,0.321081663339169,13050
11,2015,Jason Marquis,CIN,9,216,6.46478873,64,12,0,37,34,10,14,2,1,37,0.329896907,0.370892018,0.546391752,0.3871234002836508,105
12,2015,Jerome Williams,PHI,33,552,5.81767956,161,27,0,83,78,22,34,3,5,74,0.31755424,0.363636363,0.500986193,0.3709156032672094,1137
13,2015,Charlie Furbush,SEA,33,82,2.109375,9,1,0,6,5,2,5,2,2,17,0.121621621,0.197530864,0.216216216,0.1793492640121073,1370
14,2015,Edward Mujica,BOS,11,56,4.6097561,15,1,0,7,7,3,3,0,1,8,0.294117647,0.345454545,0.490196078,0.3621795470064337,3970
15,2015,Derek Holland,TEX,10,226,5.19875776,55,11,2,31,31,10,17,2,5,35,0.275,0.345291479,0.5,0.3608141352688025,4141
16,2015,Roman Mendez,TEX,11,43,5.0625,9,2,0,6,6,1,6,1,1,9,0.25,0.372093023,0.388888888,0.3336934262797946,10307
17,2015,Roberto Hernandez,HOU,20,357,4.35826772,90,21,4,48,41,9,26,2,1,42,0.275229357,0.327731092,0.44648318,0.3320408977253336,3273
18,2015,Craig Stammen,WSN,4,14,0.0,1,1,0,0,0,0,3,1,0,3,0.09090909,0.285714285,0.181818181,0.202304354080787,7274
19,2015,Colt Hynes,TOR,5,18,6.0,8,1,0,2,2,0,2,1,0,4,0.5,0.555555555,0.5625,0.476992971756879,7560
20,2015,Ian Krol,DET,33,129,5.78571429,31,4,1,19,18,4,17,1,2,26,0.287037037,0.393700787,0.453703703,0.3705103624434698,10066
21,2015,Alexi Ogando,BOS,64,277,3.99489796,59,9,3,29,29,12,28,2,3,53,0.241803278,0.324909747,0.450819672,0.3335041030970487,10261
22,2015,Matt Tracy,NYY,1,11,0.0,2,1,0,3,0,0,2,0,0,1,0.222222222,0.363636363,0.333333333,0.3191618594256314,12240
23,2015,Sonny Gray,OAK,31,808,2.81622517,165,23,1,71,63,17,58,0,1,166,0.221774193,0.277571251,0.323924731,0.2668842394112654,12768
24,2015,Xavier Cedeno,WSN,4,13,3.0,2,0,0,1,1,1,2,0,0,4,0.181818181,0.307692307,0.454545454,0.3322926301222581,36
25,2015,Kyle Davies,NYY,1,10,0.0,3,0,0,0,0,0,0,0,0,2,0.3,0.3,0.3,0.2642471551895141,3642
26,2015,Craig Breslow,BOS,45,280,4.17525773,69,13,1,33,30,12,23,5,2,46,0.279352226,0.33935018,0.485829959,0.3470002995694385,4363
27,2015,Tyler Clippard,OAK,37,167,2.79310345,25,6,0,12,12,3,21,1,2,38,0.174825174,0.287425149,0.279720279,0.259034993418728,5640
28,2015,Henderson Alvarez III,MIA,4,102,6.44776119,28,6,0,18,16,1,7,1,0,9,0.311111111,0.357142857,0.411111111,0.3321781084709561,5669
29,2015,Juan Jaime,ATL,2,8,6.75000002,0,0,0,1,1,0,4,1,0,1,0.0,0.571428571,0.0,0.3434215188026428,6127
30,2015,Shaun Marcum,CLE,7,142,5.4,32,6,1,21,21,9,11,3,1,30,0.246153846,0.309859154,0.515384615,0.3455071968140362,6204
31,2015,Javy Guerra,CHW,2,3,0.0,0,0,0,0,0,0,1,0,0,0,0.0,0.333333333,0.0,0.2289476792017618,7407
32,2015,TJ House,CLE,4,73,13.15384615,21,3,0,19,19,1,12,1,2,7,0.362068965,0.479452054,0.465517241,0.4138839625649982,9121
33,2015,Casey Sadler,PIT,1,19,3.6,4,2,0,2,2,1,1,0,0,5,0.222222222,0.263157894,0.5,0.3234474847191258,11209
34,2015,Mat Latos,MIA,16,372,4.48301887,85,22,1,46,44,8,25,0,1,79,0.250737463,0.301630434,0.392330383,0.3021961209242758,3815
35,2015,Manny Parra,CIN,39,129,3.9375,32,6,1,15,14,2,6,1,0,23,0.266666666,0.296875,0.383333333,0.2909885673072394,4279
36,2015,Brandon McCarthy,LAD,4,94,5.86956522,24,3,0,15,15,9,4,0,0,29,0.266666666,0.29787234,0.6,0.3795076418430247,4662
37,2015,Stolmy Pimentel,TEX,8,46,3.97058824,11,0,0,5,5,1,3,0,0,7,0.268292682,0.311111111,0.341463414,0.2874235974417792,6415
38,2015,Jerry Blevins,NYM,7,15,0.0,0,0,0,0,0,0,0,0,0,4,0.0,0.0,0.0,0.0,7841
39,2015,David Huff,LAD,3,30,9.0,11,0,0,6,6,2,1,0,1,4,0.407407407,0.448275862,0.629629629,0.4642405694928662,4257
40,2015,Brad Peacock,HOU,1,22,5.4,5,3,0,3,3,0,2,0,1,3,0.277777777,0.363636363,0.444444444,0.3464670750227841,5401
41,2015,Aroldis Chapman,CIN,65,278,1.6281407,43,4,0,13,12,3,33,1,5,116,0.180672268,0.291366906,0.235294117,0.2472933291958557,10233
42,2015,Pedro Baez,LAD,52,208,3.35294118,47,16,1,22,19,4,11,1,1,60,0.247368421,0.287804878,0.405263157,0.2962924455310784,5420
43,2015,Robbie Ross Jr.,BOS,54,259,3.85714286,59,13,1,28,26,7,20,2,3,53,0.254310344,0.319066147,0.409482758,0.3151828282019671,6819
44,2015,Adam Wilk,LAA,1,10,4.5,2,0,0,1,1,1,1,0,1,2,0.25,0.4,0.625,0.435109144449234,8421
45,2015,Jeff Beliveau,TBR,5,15,13.49999998,6,2,0,4,4,1,1,0,0,2,0.428571428,0.466666666,0.785714285,0.5271433273951213,8504
46,2015,Brandon Morrow,SDP,5,126,2.72727273,29,4,2,10,10,3,7,0,0,23,0.247863247,0.288,0.393162393,0.2946695070266724,9346
47,2015,Branden Pinder,NYY,25,122,2.92771084,28,6,3,9,9,4,14,1,0,25,0.261682242,0.344262295,0.485981308,0.353079630323678,12093
48,2015,Jean Machi,SFG,33,159,5.14285714,38,10,2,21,20,3,14,0,1,22,0.271428571,0.337579617,0.435714285,0.3346485009618625,3220
49,2015,Neftali Feliz,TEX,18,91,4.57627119,24,4,0,10,10,2,9,3,0,16,0.292682926,0.362637362,0.414634146,0.3310404338619925,18
50,2015,Tim Stauffer,MIN,13,73,6.6,24,6,2,13,11,4,7,2,0,6,0.369230769,0.424657534,0.707692307,0.4646654481619177,6432
51,2015,Marc Rzepczynski,CLE,43,90,4.5,21,3,0,13,10,1,10,3,1,23,0.269230769,0.359550561,0.346153846,0.306210963531982,6612
52,2015,J.A. Happ,SEA,21,468,4.63803681,121,25,1,58,56,13,32,3,2,82,0.279445727,0.331905781,0.431870669,0.3306724691185458,7410
53,2015,Dominic Leone,SEA,10,54,6.35294118,11,4,0,9,8,1,9,2,0,7,0.244444444,0.37037037,0.4,0.3304465527717883,13763
54,2015,Grant Balfour,TBR,6,21,6.23076924,3,1,0,3,3,1,4,0,1,0,0.2,0.38095238,0.466666666,0.3651376707213266,718
55,2015,Anthony Varvaro,BOS,9,51,4.09090909,14,3,1,5,5,0,6,1,0,8,0.311111111,0.392156862,0.422222222,0.3521087574958801,2385
56,2015,Kyle Drabek,CHW,3,26,5.0625,9,1,0,3,3,1,2,0,0,3,0.375,0.423076923,0.541666666,0.4177314547392038,4359
57,2015,Homer Bailey,CIN,2,51,5.55882353,16,4,0,7,7,3,4,2,0,3,0.340425531,0.392156862,0.617021276,0.4188176661121602,8362
58,2015,Steve Geltz,TBR,70,269,3.74257426,45,7,0,31,28,8,26,3,2,61,0.18907563,0.27443609,0.319327731,0.2622608889191776,8402
59,2015,Jorge De La Rosa,COL,26,621,4.21100917,134,34,3,72,68,16,64,3,3,131,0.247689463,0.326298701,0.410351201,0.3196394323913736,2047
60,2015,Caleb Thielbar,MIN,6,20,5.4,5,1,0,3,3,0,0,0,0,5,0.263157894,0.263157894,0.315789473,0.2515561015982377,10078
61,2015,Jeremy Affeldt,SFG,52,163,5.85849057,43,6,0,24,23,6,14,2,2,21,0.292517006,0.36196319,0.455782312,0.35349878983468,583
62,2015,Brian Schlitter,CHC,10,35,7.36363637,12,2,0,6,6,2,2,0,0,4,0.363636363,0.4,0.606060606,0.4303830419267926,3599
63,2015,Glen Perkins,MIN,59,233,3.21428571,56,9,0,20,20,8,10,2,0,53,0.252252252,0.284482758,0.4009009,0.294242014573968,8041
64,2015,Ike Davis,OAK,2,8,0.0,1,1,0,0,0,0,1,0,0,1,0.142857142,0.25,0.285714285,0.2428891956806183,8433
65,2015,Jose Dominguez,TBR,4,19,0.0,2,1,0,0,0,0,2,0,0,5,0.125,0.222222222,0.1875,0.1950433585378858,11571
66,2015,Carlos Rodon,CHW,26,607,3.74641148,130,24,4,63,58,11,71,0,8,139,0.251450676,0.347753743,0.377176015,0.3226477344103541,16137
67,2015,Jim Johnson,ATL,49,196,2.25,45,4,1,14,12,2,14,2,1,33,0.255681818,0.310880829,0.323863636,0.2784366298720475,3656
68,2015,Yohan Pino,KCR,7,82,3.25862069,23,4,0,8,7,2,3,0,0,13,0.29113924,0.31707317,0.417721518,0.3193927465415582,6955
69,2015,Adam Warren,NYY,43,534,3.2893401,114,20,2,51,48,10,39,1,7,104,0.23553719,0.300751879,0.347107438,0.2868572535263392,9029
70,2015,Yoervis Medina,SEA,12,54,3.0,11,6,0,5,4,1,7,0,0,9,0.234042553,0.333333333,0.425531914,0.3321132240472016,10498
71,2015,Matt Grace,WSN,25,82,4.32,25,6,0,11,8,0,8,2,1,14,0.352112676,0.414634146,0.436619718,0.3639058105647564,11449
72,2015,Logan Verrett,TEX,4,42,6.0,11,3,1,7,6,1,4,1,0,3,0.305555555,0.357142857,0.527777777,0.3603353820196012,12905
73,2015,Joba Chamberlain,DET,30,101,4.09090909,32,6,2,15,10,5,5,0,1,15,0.340425531,0.38,0.606382978,0.4194043833017349,2692
74,2015,Justin De Fratus,PHI,59,347,5.68421053,90,23,2,51,48,9,30,2,5,65,0.297029702,0.364431486,0.475247524,0.3601718705770207,4955
75,2015,Jordan Lyles,COL,10,212,5.14285714,54,12,0,32,28,2,19,1,3,30,0.29032258,0.363636363,0.387096774,0.3315209348041277,7593
76,2015,Mike Bolsinger,LAD,21,466,3.62195122,104,19,1,49,44,11,45,3,1,98,0.250602409,0.323974082,0.380722891,0.3087983228590177,11137
77,2015,Nick Tropeano,LAA,8,161,3.82300885,40,11,0,18,16,2,10,0,0,38,0.27027027,0.314465408,0.385135135,0.3056618784958461,12385
78,2015,Miguel Castro,TOR,13,57,4.37837838,15,3,0,7,6,2,6,2,0,12,0.306122448,0.368421052,0.489795918,0.3537274685772982,15684
79,2015,Jordan Walden,STL,12,42,0.87096774,7,2,0,1,1,0,4,1,0,12,0.189189189,0.261904761,0.243243243,0.2189558395525304,3271
80,2015,Matt Garza,MIL,26,666,5.63004484,176,37,1,102,93,23,57,3,2,104,0.294314381,0.35660091,0.474916387,0.3588391427950161,3340
81,2015,Lucas Luetge,SEA,1,8,0.0,0,0,0,0,0,0,2,0,0,2,0.0,0.25,0.0,0.1717107594013214,8337
82,2015,Sergio Romo,SFG,69,230,3.0,51,14,1,20,19,3,10,2,1,71,0.235023041,0.271929824,0.350230414,0.2683978072837391,9817
83,2015,Chris Rearick,SDP,5,16,12.0,6,1,1,4,4,2,2,0,0,4,0.461538461,0.533333333,1.153846153,0.6744243621826171,11050
84,2015,Daniel Norris,TOR,5,96,2.82089552,19,5,0,8,7,3,11,0,2,17,0.2375,0.336842105,0.4125,0.3279771767164531,13475
85,2015,Scott Baker,LAD,2,45,5.72727273,11,4,0,7,7,4,3,0,0,8,0.261904761,0.311111111,0.642857142,0.3997613297568427,6176
86,2015,Chris Archer,TBR,34,868,3.22641509,175,31,0,85,76,19,66,0,3,252,0.220125786,0.281755196,0.33081761,0.2722563396012259,6345
87,2015,Drew Storen,WSN,57,225,3.5,45,7,0,23,21,4,16,2,5,64,0.222772277,0.294642857,0.316831683,0.271214124587205,6983
88,2015,Ryan Cook,OAK,4,23,10.38461539,7,2,0,5,5,0,3,0,0,3,0.35,0.434782608,0.45,0.3903125835501629,8855
89,2015,Erik Goeddel,NYM,34,129,2.50515464,24,7,0,9,9,1,9,2,2,31,0.208695652,0.271317829,0.295652173,0.2456419796455563,11712
90,2015,Chris Martin,NYY,24,99,5.66129032,28,5,0,13,13,2,6,1,1,18,0.304347826,0.353535353,0.423913043,0.337363137882583,11847
91,2015,Jason Vargas,KCR,9,183,3.97674419,46,10,0,20,19,5,12,0,1,27,0.270588235,0.322404371,0.417647058,0.3232511623961026,8044
92,2015,Rob Wooten,MIL,4,30,12.0,5,2,1,8,8,1,6,0,1,6,0.227272727,0.413793103,0.545454545,0.4100696650044671,8532
93,2015,Koji Uehara,BOS,43,160,2.23140496,28,8,2,14,10,3,9,1,0,47,0.187919463,0.232704402,0.32885906,0.2414018624945532,9227
94,2015,Jason Grilli,ATL,35,137,3.03061224,28,11,0,13,11,2,10,1,0,43,0.222222222,0.277372262,0.357142857,0.2745846282033359,521
95,2015,Clayton Kershaw,LAD,33,890,2.12750716,163,26,2,62,55,15,42,1,5,301,0.194278903,0.237020316,0.283671036,0.2308258429085467,2036
96,2015,Chris Young,KCR,34,485,2.84210526,87,21,3,40,38,14,41,0,0,80,0.198630136,0.266112266,0.356164383,0.2731793177103054,3196
97,2015,Rafael Montero,NYM,5,46,4.5,9,3,1,6,5,0,5,3,0,13,0.225,0.311111111,0.35,0.2652568930671328,12760
98,2015,Archie Bradley,ARI,8,161,5.80373832,36,6,1,23,23,3,22,1,2,23,0.266666666,0.375,0.392592592,0.3401827864676901,12918
99,2015,Edwin Jackson,CHC,23,134,3.19354839,30,7,0,14,11,0,12,1,1,23,0.254237288,0.32330827,0.313559322,0.2827745906331322,1841
100,2015,Jeff Samardzija,CHW,31,858,4.72058824,211,40,9,111,107,25,45,0,10,158,0.266750948,0.311475409,0.434892541,0.3220056654139481,3254
101,2015,Matt Shoemaker,LAA,25,569,4.45566502,135,28,0,70,67,24,35,2,4,116,0.258620689,0.307964601,0.45019157,0.3257359825273178,4776
102,2015,Gonzalez Germen,CHC,6,29,7.5,8,2,2,5,5,0,5,2,0,8,0.347826086,0.464285714,0.608695652,0.4340273371109596,5876
103,2015,Michael Kohn,ATL,6,19,0.0,0,0,0,0,0,0,6,0,0,4,0.0,0.315789473,0.0,0.2168978013490375,8505
104,2015,Shane Greene,DET,18,373,6.88446215,103,19,8,67,64,13,27,4,6,50,0.308383233,0.366576819,0.529940119,0.3789357505637228,10756
105,2015,John Cornely,ATL,1,7,36.0,3,0,0,4,4,1,1,0,0,1,0.5,0.571428571,1.0,0.6448264292308262,12364
106,2015,Kevin Gausman,BAL,25,470,4.2462908,109,29,1,56,53,17,29,1,2,103,0.251152073,0.299145299,0.440092165,0.3178050638010977,14107
107,2015,Luke Gregerson,HOU,63,234,2.85,45,6,1,22,19,5,10,2,2,58,0.204545454,0.245689655,0.309090909,0.2411150393278702,4090
108,2015,Donnie Veal,ATL,5,24,14.53846155,8,2,0,7,7,3,2,0,1,3,0.4,0.478260869,0.95,0.5844657291536746,4741
109,2015,Kevin Gregg,CIN,11,51,10.125,13,0,0,12,12,3,5,0,0,14,0.288888888,0.36,0.488888888,0.3687667298316955,1793
110,2015,Sergio Santos,LAD,12,61,4.725,13,2,1,7,7,2,7,1,0,15,0.245283018,0.327868852,0.433962264,0.3234158535798391,4734
111,2015,Jorge Rondon,COL,2,15,90.0,8,3,0,11,10,0,3,0,0,1,0.666666666,0.733333333,0.916666666,0.6822306632995605,5791
112,2015,Carlos Carrasco,CLE,29,678,3.49227799,138,28,5,68,67,18,42,2,5,206,0.221153846,0.273264401,0.368589743,0.2785448629767806,6632
113,2015,Evan Scribner,OAK,53,235,4.42372881,58,11,1,31,29,14,4,0,2,62,0.254385964,0.272340425,0.495614035,0.3263713364905499,7525
114,2015,Andrew Albers,TOR,1,11,3.375,1,0,0,1,1,1,2,0,0,1,0.111111111,0.272727272,0.444444444,0.3126345764506947,7853
115,2015,Kevin Chapman,HOU,3,22,3.375,4,1,0,2,2,1,3,0,0,8,0.210526315,0.318181818,0.421052631,0.3247155276211825,11240
116,2015,Tim Hudson,SFG,24,513,4.47513812,130,16,2,61,60,13,37,1,7,62,0.279569892,0.340508806,0.406451612,0.3276320033213671,921
117,2015,Hector Noesi,CHW,10,154,6.8877551,41,9,1,26,25,7,17,1,1,22,0.301470588,0.383116883,0.536764705,0.3934971144775939,3292
118,2015,Anthony Swarzak,CLE,10,60,2.76923077,18,4,0,8,4,1,4,1,0,13,0.321428571,0.366666666,0.446428571,0.3491799245446415,7466
119,2015,Nathan Eovaldi,NYY,27,673,4.1987041,175,25,1,72,72,10,49,0,3,121,0.284552845,0.33880597,0.377235772,0.3162658110483369,9132
120,2015,Aaron Sanchez,TOR,41,369,3.08856089,71,13,0,33,31,9,41,2,3,61,0.220496894,0.313351498,0.344720496,0.2932076801992442,11490
121,2015,Tyler Olson,SEA,11,65,5.4,18,5,1,8,8,2,10,7,1,8,0.346153846,0.46031746,0.596153846,0.4213037799511637,14741
122,2015,Alex Torres,NYM,39,154,3.14563107,26,3,0,16,12,6,26,1,1,35,0.206349206,0.346405228,0.373015873,0.3225249267722431,7038
123,2015,David Robertson,CHW,59,242,3.54098361,46,5,3,27,24,7,12,2,1,82,0.201754385,0.244813278,0.342105263,0.2527741854659683,8241
124,2015,Dalier Hinojosa,BOS,1,9,0.0,0,0,0,0,0,0,3,0,1,2,0.0,0.444444444,0.0,0.3087399337026808,15671
125,2015,Aaron Thompson,MIN,41,137,5.01030928,32,6,0,19,18,2,11,2,0,17,0.264462809,0.318518518,0.363636363,0.2931546725724873,999
126,2015,Luis Avilan,ATL,50,154,3.5840708,35,5,1,15,15,4,10,2,0,31,0.244755244,0.292207792,0.377622377,0.2871844925378498,2882
127,2015,Clay Buchholz,BOS,18,469,3.25588235,114,26,0,48,41,6,23,0,5,107,0.260273972,0.303418803,0.360730593,0.2920307615119168,3543
128,2015,Blake Treinen,WSN,58,268,3.75773196,60,9,1,30,27,3,30,6,2,63,0.256410256,0.344569288,0.341880341,0.3004433126741899,12572
129,2015,Brian Matusz,BAL,58,206,2.93877551,38,8,0,18,16,5,20,3,3,56,0.211111111,0.299019607,0.338888888,0.2797410663087569,2646
130,2015,Chad Billingsley,PHI,7,165,5.83783784,53,8,0,26,24,5,8,0,1,15,0.346405228,0.380368098,0.496732026,0.3792789212765138,5842
131,2015,AJ Ramos,MIA,71,277,2.30331754,45,9,0,18,18,6,26,0,3,87,0.183673469,0.268115942,0.293877551,0.254113136642221,8350
132,2015,Dustin McGowan,PHI,14,118,6.94285714,29,2,0,21,18,7,20,1,0,21,0.295918367,0.415254237,0.530612244,0.4071461166072095,8600
133,2015,Chad Jenkins,TOR,2,17,4.9090909,3,0,0,2,2,1,3,0,0,2,0.214285714,0.352941176,0.428571428,0.3463218282250797,10326
134,2015,Danny Coulombe,LAD,5,40,7.56,9,6,0,7,7,0,6,0,0,7,0.264705882,0.375,0.44117647,0.3575288236141205,13293
135,2015,Rafael Betancourt,COL,45,175,6.1779661,43,11,2,29,27,4,12,4,0,40,0.267080745,0.314285714,0.434782608,0.3138284355576275,177
136,2015,Colby Lewis,TEX,33,857,4.68412439,210,44,4,114,106,26,42,2,11,142,0.266159695,0.308323563,0.430925221,0.3178794863781554,1259
137,2015,Javier Lopez,SFG,77,147,1.60169492,19,5,1,8,7,1,16,3,0,26,0.145038167,0.238095238,0.221374045,0.2044421194328202,1663
138,2015,Tyler Matzek,COL,5,102,4.09090909,21,2,1,10,10,2,19,0,3,15,0.269230769,0.425742574,0.397435897,0.3716325978241344,10058
139,2015,Kyle Gibson,MIN,32,821,3.83732877,186,41,0,88,83,18,65,6,7,145,0.252374491,0.316564417,0.38127544,0.3041998377099762,10123
140,2015,Chad Smith,OAK,2,13,33.75000008,5,1,0,5,5,0,3,0,1,2,0.555555555,0.692307692,0.666666666,0.581401948745434,13604
141,2015,Erasmo Ramirez,TBR,34,661,3.78556701,145,28,1,73,68,16,40,0,9,125,0.238095238,0.294385432,0.366174055,0.2910982318821735,10314
142,2015,Hector Rondon,CHC,72,281,1.6875,55,12,0,19,13,4,15,2,3,69,0.212355212,0.262589928,0.305019305,0.2491735649713571,2391
143,2015,Jason Hammel,CHC,31,710,3.74414062,158,37,7,79,71,23,40,4,6,172,0.241590214,0.288951841,0.425076452,0.3053177882123876,4538
144,2015,Eric Stults,ATL,9,186,5.91240876,45,6,3,30,30,10,13,1,0,29,0.266272189,0.31693989,0.514792899,0.352289121884566,8011
145,2015,J.R. Graham,MIN,39,283,4.94764398,73,10,2,41,35,10,21,0,4,53,0.287401574,0.348754448,0.460629921,0.3509688059206111,12042
146,2015,Bruce Chen,CLE,2,35,12.78947369,17,3,0,9,9,3,1,1,0,4,0.5,0.514285714,0.852941176,0.5780516687561484,769
147,2015,Fernando Abad,OAK,61,202,4.21276596,44,6,2,23,22,11,19,3,1,45,0.25,0.32160804,0.494318181,0.3427164308270629,4994
148,2015,Jose Alvarez,LAA,64,283,3.49253731,58,11,1,29,26,5,23,4,5,59,0.228346456,0.303886925,0.338582677,0.2813407411284771,5358
149,2015,Ryan Mattheus,LAA,1,4,0.0,0,0,0,0,0,0,1,0,0,2,0.0,0.25,0.0,0.1717107594013214,7169
150,2015,Tyson Ross,SDP,33,823,3.26020408,172,28,6,78,71,9,84,3,8,212,0.237241379,0.321951219,0.329655172,0.2917183156112708,7872
151,2015,Chris Bassitt,OAK,18,361,3.55813953,78,18,2,36,34,5,30,0,9,64,0.24375,0.325,0.359375,0.3052217051386833,12304
152,2015,Will Smith,MIL,74,257,2.7287234,49,14,1,23,19,5,22,1,1,90,0.211206896,0.280155642,0.344827586,0.2741959260310977,8048
153,2015,Evan Marshall,ARI,13,61,6.075,20,4,0,9,9,3,5,1,0,7,0.357142857,0.409836065,0.589285714,0.4236507852872213,12297
154,2015,Alex Wood,ATL,19,509,3.54469274,132,16,3,50,47,8,36,2,2,90,0.287581699,0.341365461,0.387799564,0.3199206220526849,13781
155,2015,Buddy Carlyle,NYM,11,32,5.625,8,3,0,5,5,0,1,0,0,6,0.275862068,0.28125,0.379310344,0.2768679335713386,2010
156,2015,Angel Castro,OAK,5,22,2.25,8,0,0,1,1,1,3,0,0,4,0.444444444,0.523809523,0.611111111,0.4900757301421392,3243
157,2015,Zach Duke,CHW,70,250,3.46927374,46,8,2,26,23,9,31,4,3,66,0.216981132,0.323886639,0.400943396,0.3140228586922948,3840
158,2015,Nick Masset,MIA,8,41,1.86206896,12,1,0,3,2,0,1,0,1,6,0.324324324,0.341463414,0.351351351,0.3012269808024895,7267
159,2015,Vidal Nuno,ARI,3,58,1.88372093,10,2,0,3,3,1,5,1,0,19,0.188679245,0.258620689,0.283018867,0.2366837618643777,9674
160,2015,Clint Robinson,WSN,1,4,0.0,1,0,0,0,0,0,0,0,0,1,0.25,0.25,0.25,0.2202059626579284,6908
161,2015,Ryan Webb,CLE,40,203,3.21854305,46,12,1,21,18,4,12,2,2,31,0.245989304,0.297029702,0.385026737,0.2938958930969238,7474
162,2015,Brad Hand,MIA,38,408,5.30357143,107,22,1,55,55,9,32,1,3,67,0.292349726,0.35235732,0.431693989,0.3416121553129224,9111
163,2015,Xavier Cedeno,TBR,61,174,2.09302326,37,3,0,11,10,3,12,2,1,43,0.229813664,0.287356321,0.304347826,0.2607953163773514,36
164,2015,Samuel Deduno,HOU,9,96,6.85714286,24,6,2,16,16,3,9,0,3,17,0.292682926,0.378947368,0.524390243,0.3864056781718605,5285
165,2015,Trevor Cahill,ATL,15,124,7.51898734,36,5,1,23,22,2,11,1,1,14,0.330275229,0.393442622,0.449541284,0.3657499359658926,6249
166,2015,Radhames Liz,PIT,14,106,4.24285714,26,3,0,11,11,4,12,2,3,27,0.285714285,0.386792452,0.45054945,0.3633506063085336,5843
167,2015,Bobby LaFromboise,PIT,11,29,1.125,5,2,0,1,1,1,1,0,0,8,0.178571428,0.206896551,0.357142857,0.2422871055274174,7758
168,2015,Chase Whitley,NYY,4,84,4.18965517,20,5,0,9,9,3,5,0,2,16,0.259740259,0.321428571,0.441558441,0.3323523501555125,10982
169,2015,Bartolo Colon,NYM,33,800,4.18641115,212,39,2,93,89,25,24,5,4,132,0.28042328,0.3034134,0.436507936,0.3159517474453565,375
170,2015,Pedro Strop,CHC,76,270,2.91176471,39,9,0,24,22,5,29,6,4,81,0.167381974,0.267657992,0.270386266,0.2369711535058547,4070
171,2015,A.J. Cole,WSN,3,44,5.78571429,14,2,0,11,6,1,1,1,0,9,0.341463414,0.348837209,0.463414634,0.3396880399613153,11467
172,2015,Cody Martin,ATL,21,88,5.66129032,24,3,1,13,13,4,6,0,1,23,0.307692307,0.360465116,0.525641025,0.3785643182521642,12182
173,2015,Kyuji Fujikawa,TEX,2,8,16.19999997,2,0,0,3,3,1,0,0,1,1,0.285714285,0.375,0.714285714,0.4580310508608818,14443
174,2015,Rick Porcello,BOS,28,737,4.91860465,196,35,2,103,94,25,38,0,10,149,0.287390029,0.331972789,0.454545454,0.34027470017777,2717
175,2015,Phil Coke,CHC,16,45,6.3,14,5,0,7,7,1,3,2,0,9,0.341463414,0.377777777,0.536585365,0.3739553662233574,5535
176,2015,Aaron Barrett,WSN,39,118,4.44705882,26,4,1,14,14,1,6,0,3,34,0.23853211,0.296610169,0.321100917,0.2760718227443048,11243
177,2015,Ian Kennedy,SDP,30,713,4.27722772,166,39,11,95,80,31,52,4,7,174,0.257763975,0.319148936,0.496894409,0.3472467568223384,6986
178,2015,Tony Cingrani,CIN,35,155,5.67,31,11,1,21,21,3,25,3,3,39,0.25,0.383116883,0.427419354,0.3507758311877977,12555
179,2015,Carlos Frias,LAD,17,333,4.05579399,88,11,0,38,35,7,26,1,3,43,0.297297297,0.3556231,0.405405405,0.333107231775435,3547
180,2015,Gio Gonzalez,WSN,30,728,3.7960396,177,30,8,76,71,8,64,3,3,162,0.272727272,0.336551724,0.380585516,0.3135783813501659,7448
181,2015,Joakim Soria,DET,42,161,2.7,31,3,0,12,12,7,11,1,2,36,0.210884353,0.275,0.374149659,0.2831941085791438,6941
182,2015,Antonio Bastardo,PIT,66,238,3.0,39,6,1,19,19,4,26,2,3,63,0.188405797,0.288135593,0.285024154,0.2593789077722109,8844
183,2015,Tyler Wilson,BAL,9,149,3.5,39,14,0,14,14,1,11,1,1,13,0.288888888,0.342281879,0.414814814,0.3268879374136796,12691
184,2015,Tsuyoshi Wada,CHC,8,136,3.6185567,30,7,2,14,13,5,11,1,1,31,0.245901639,0.311111111,0.459016393,0.3282720335383913,13046
185,2015,Jesse Hahn,OAK,16,406,3.35172414,88,17,0,46,36,5,25,1,8,64,0.237837837,0.298765432,0.324324324,0.2773433655205339,13287
186,2015,Randy Choate,STL,70,116,3.62195122,28,3,0,13,11,2,5,0,6,22,0.27184466,0.339130434,0.3592233,0.312185614005379,813
187,2015,Chris Tillman,BAL,31,741,4.99421965,176,42,3,97,96,20,64,1,5,120,0.266666666,0.332428765,0.43030303,0.3308219776043425,5279
188,2015,Brandon Cunniff,ATL,39,151,4.62857143,27,3,1,20,18,4,22,2,0,37,0.212598425,0.326666666,0.346456692,0.2979505078212635,11509
189,2015,Ian Thomas,ATL,5,25,3.375,4,1,0,3,2,1,5,0,0,5,0.222222222,0.391304347,0.444444444,0.3703229427337646,13881
190,2015,Garrett Jones,NYY,1,4,0.0,0,0,0,0,0,0,1,0,1,0,0.0,0.5,0.0,0.351243332028389,2714
191,2015,T.J. McFarland,BAL,30,188,4.90909091,52,9,1,26,22,4,18,5,0,26,0.305882352,0.372340425,0.44117647,0.3473336077778717,3237
192,2015,Al Alburquerque,DET,67,271,4.20967742,63,10,1,29,29,4,33,3,1,58,0.269230769,0.359259259,0.371794871,0.3221761093157507,6324
193,2015,Brandon Kintzler,MIL,7,36,6.42857143,12,2,0,6,5,1,5,0,0,7,0.387096774,0.472222222,0.548387096,0.4427629212538401,9939
194,2015,James Paxton,SEA,13,297,3.89552239,67,10,0,34,29,8,29,1,0,56,0.252830188,0.323232323,0.381132075,0.3090440308725511,11828
195,2015,Paco Rodriguez,LAD,18,42,2.61290323,10,2,0,3,3,0,3,0,0,8,0.263157894,0.309523809,0.315789473,0.2766585946083069,13398
196,2015,Raisel Iglesias,CIN,18,395,4.15384615,81,21,1,45,44,11,28,0,7,104,0.227528089,0.296675191,0.38483146,0.2998264770373663,17130
197,2015,Jered Weaver,LAA,26,664,4.67088608,162,38,3,84,82,24,32,3,12,90,0.264274061,0.31259484,0.45350734,0.3293655263941462,4235
198,2015,Nick Masset,ATL,20,72,6.45652174,18,5,0,12,11,3,8,3,1,12,0.285714285,0.375,0.507936507,0.3686640495839326,7267
199,2015,Heath Hembree,BOS,22,106,3.55263158,25,4,1,10,10,5,9,2,0,15,0.257731958,0.320754716,0.474226804,0.3362113948051746,11632
200,2015,Brandon Finnegan,KCR,14,99,2.95890411,16,3,0,8,8,3,13,0,1,21,0.192771084,0.306122448,0.337349397,0.2900002312903501,16208
201,2015,Brooks Brown,COL,36,144,4.68367347,31,7,1,17,17,1,16,0,0,19,0.25,0.335714285,0.346774193,0.3058640990938459,5679
202,2015,Sean Doolittle,OAK,12,57,3.95121951,12,3,0,6,6,1,5,0,0,15,0.235294117,0.298245614,0.352941176,0.2862265235499331,1581
203,2015,Scott Atchison,CLE,20,77,6.75,20,4,0,13,13,5,4,0,1,12,0.28169014,0.324675324,0.549295774,0.3702093277658735,2642
204,2015,Jonathan Broxton,MIL,40,156,5.89090909,41,5,3,24,24,5,10,1,0,37,0.286713286,0.331168831,0.468531468,0.3414052085938796,4759
205,2015,JC Ramirez,ARI,12,63,4.10869565,15,2,0,7,7,1,4,2,0,11,0.254237288,0.301587301,0.33898305,0.2708427476101234,8302
206,2015,David Carpenter,NYY,22,82,4.82142857,20,5,1,11,10,3,7,1,1,11,0.285714285,0.354430379,0.514285714,0.3666622936725616,3959
207,2015,Chris Beck,CHW,1,31,6.0,10,3,1,5,4,0,4,0,0,3,0.384615384,0.466666666,0.576923076,0.4465099811553955,13418
208,2015,Anibal Sanchez,DET,25,660,4.98726115,152,32,3,89,87,29,49,1,1,138,0.252072968,0.308396946,0.459369817,0.3303911366047115,3284
209,2015,Miguel Gonzalez,BAL,26,622,4.91474654,151,26,3,81,79,24,51,2,8,109,0.270125223,0.338709677,0.456171735,0.3442292919436704,7024
210,2015,Yovani Gallardo,TEX,32,749,3.53757225,186,31,8,74,68,15,65,0,1,114,0.273932253,0.336898395,0.409425625,0.3266161191750337,8173
211,2015,Jacob Lindgren,NYY,7,29,5.14285714,5,1,0,4,4,3,4,0,0,8,0.208333333,0.310344827,0.625,0.3820810112459906,16215
212,2015,Ernesto Frieri,TBR,22,100,4.62857143,20,3,0,12,12,6,11,0,1,19,0.232558139,0.32,0.476744186,0.3412304323911667,5178
213,2015,Madison Bumgarner,SFG,32,869,2.92671756,181,30,5,73,71,21,39,2,7,234,0.222358722,0.262731481,0.348894348,0.2663262693207114,5524
214,2015,Steve Cishek,MIA,32,144,4.54736842,37,9,1,19,16,2,14,3,0,28,0.291338582,0.356643356,0.42519685,0.3329076111316681,6483
215,2015,Brad Boxberger,TBR,69,271,3.71428571,54,7,0,29,26,9,32,5,2,74,0.23076923,0.327137546,0.376068376,0.3061889053294153,10133
216,2015,Jake Buchanan,HOU,5,37,2.0,5,4,0,2,2,1,4,0,1,5,0.161290322,0.277777777,0.387096774,0.2932188560565312,10962
217,2015,Garrett Richards,LAA,32,861,3.66397415,181,35,0,94,84,20,75,2,5,176,0.236601307,0.305263157,0.360784313,0.2930707528331215,9784
218,2015,A.J. Burnett,PIT,26,677,3.24683544,169,22,5,62,57,11,48,2,11,141,0.27614379,0.337777777,0.382352941,0.3168041439502767,512
219,2015,C.J. Wilson,LAA,21,553,3.88636364,118,21,1,59,57,13,46,2,10,110,0.240325865,0.315789473,0.366598778,0.3011574777749067,3580
220,2015,Edgar Ibarra,LAA,2,19,2.25,4,1,0,1,1,0,3,0,0,3,0.25,0.368421052,0.3125,0.3136458522395083,5195
221,2015,Mike Pelfrey,MIN,30,708,4.31557377,198,36,1,86,78,11,44,1,12,85,0.306501547,0.360283687,0.416408668,0.3406442332674156,5203
222,2015,Andrew Miller,NYY,60,246,2.04324324,33,4,0,16,14,5,20,1,5,100,0.151376146,0.236734693,0.23853211,0.2177540779602332,6785
223,2015,Dillon Gee,NYM,8,171,6.08108108,52,10,2,28,25,5,10,2,1,24,0.333333333,0.372781065,0.519230769,0.3779594680506312,7396
224,2015,Jack Leathersich,NYM,17,52,2.31428571,12,3,0,3,3,0,7,0,1,14,0.272727272,0.384615384,0.34090909,0.3311972652490322,12562
225,2015,Eduardo Rodriguez,BOS,21,522,3.84657534,120,20,2,55,52,13,37,1,4,98,0.25477707,0.312015503,0.388535031,0.3060805417958973,13164
226,2015,Franklin Morales,KCR,67,258,3.17647059,58,16,3,24,22,4,14,0,4,41,0.245762711,0.296875,0.389830508,0.2986764912493527,5088
227,2015,Daniel Hudson,ARI,64,290,3.85714286,64,13,1,34,29,7,25,2,0,71,0.245210727,0.307958477,0.383141762,0.299845173383839,7146
228,2015,Tommy Milone,MIN,24,543,3.91709845,128,26,2,64,56,17,36,1,1,91,0.259634888,0.307262569,0.423935091,0.3149764881427608,7608
229,2015,Dominic Leone,ARI,3,20,14.72727271,8,2,0,6,6,1,0,0,1,2,0.444444444,0.45,0.722222222,0.4850042432546615,13763
230,2015,Joaquin Benoit,SDP,67,254,2.34183673,36,8,2,17,17,7,23,1,2,63,0.159292035,0.242063492,0.305309734,0.2429403579567533,1437
231,2015,Dellin Betances,NYY,74,332,1.5,45,7,0,17,14,6,40,2,3,131,0.156794425,0.265861027,0.243902439,0.2359466529182387,6216
232,2015,Cesar Cabral,BAL,2,3,0.0,0,0,0,0,0,0,1,0,0,1,0.0,0.333333333,0.0,0.2289476792017618,6741
233,2015,Jordan Zimmermann,WSN,33,831,3.65950413,204,25,2,89,82,24,39,3,8,164,0.263565891,0.304981773,0.394056847,0.304145867795479,4505
234,2015,Pat Neshek,HOU,65,218,3.33333333,46,11,1,23,20,7,12,1,2,51,0.231155778,0.280373831,0.40201005,0.2941032217142167,4682
235,2015,Rubby De La Rosa,ARI,32,783,4.65688073,187,42,1,99,94,31,63,3,4,144,0.266002844,0.327741935,0.460881934,0.3393754605493397,3862
236,2015,Vin Mazzaro,MIA,10,55,3.75,15,5,1,6,5,0,6,1,0,6,0.319148936,0.381818181,0.468085106,0.3562436125896595,5231
237,2015,David Hale,COL,17,346,6.0893617,95,25,2,56,53,14,20,2,2,61,0.297805642,0.341107871,0.520376175,0.3661969246402863,9756
238,2015,Kendry Flores,MIA,7,57,4.97368421,16,3,0,8,7,0,4,1,1,9,0.31372549,0.368421052,0.372549019,0.3213960900902748,12118
239,2015,Matt Belisle,STL,33,146,2.16,32,3,1,8,8,1,15,2,3,24,0.256,0.347222222,0.32,0.297844174462305,1837
240,2015,Trevor May,MIN,48,492,4.00290698,127,24,6,53,51,11,26,2,4,110,0.279120879,0.321063394,0.43076923,0.3234935736998885,6398
241,2015,Shawn Tolleson,TEX,72,297,3.01395349,66,12,1,25,24,9,17,5,2,76,0.24,0.288135593,0.389090909,0.2885920475269186,10481
242,2015,Taylor Hill,WSN,6,51,3.75,14,2,1,5,5,2,4,0,1,9,0.304347826,0.372549019,0.52173913,0.3849062604062697,12515
243,2015,Kenley Jansen,LAD,53,194,1.92857143,31,5,0,11,11,5,7,0,2,77,0.169398907,0.206185567,0.278688524,0.2131406529662535,3096
244,2015,Tony Sipp,HOU,59,215,1.98773006,41,11,0,13,12,5,14,1,1,62,0.208121827,0.262910798,0.340101522,0.2632694961327427,8280
245,2015,Tim Lincecum,SFG,15,312,4.01860465,71,14,1,34,32,5,35,2,1,57,0.261992619,0.346278317,0.376383763,0.3186136750134272,5705
246,2015,Alex Colome,TBR,43,452,3.78658537,108,14,1,48,46,9,31,4,4,88,0.264705882,0.317777777,0.370098039,0.2986011098853141,6661
247,2015,Preston Guilmet,TBR,3,23,5.0625,5,1,0,3,3,1,2,0,0,5,0.25,0.304347826,0.45,0.3190314095953236,7303
248,2015,David Carpenter,WSN,8,25,1.5,5,0,0,1,1,1,2,0,0,4,0.217391304,0.28,0.347826086,0.2784910297393799,3959
249,2015,Esmil Rogers,NYY,18,153,6.27272727,41,6,0,29,23,5,14,0,2,31,0.305970149,0.372549019,0.462686567,0.3617050530863743,6317
250,2015,Rob Scahill,PIT,28,142,2.67032967,33,8,0,15,9,3,16,5,1,24,0.268292682,0.354609929,0.406504065,0.3227762899854604,9286
251,2015,Drew Hutchison,TOR,30,657,5.61744966,176,40,0,103,93,22,44,0,11,127,0.295302013,0.351598173,0.473154362,0.3565018885574747,10732
252,2015,Ryan Vogelsong,SFG,33,598,4.66666667,140,29,7,76,70,17,58,2,3,108,0.265151515,0.337815126,0.443181818,0.3371843709712487,1011
253,2015,Sergio Santos,NYY,2,12,6.0,3,2,0,2,2,1,0,0,0,3,0.25,0.25,0.666666666,0.3814862767855326,4734
254,2015,Tom Gorzelanny,DET,48,181,5.94915254,45,12,3,28,26,4,23,2,2,36,0.292207792,0.391061452,0.487012987,0.3778549473164445,6244
255,2015,Bud Norris,BAL,18,294,7.13471503,81,24,0,56,51,14,24,0,2,46,0.30798479,0.367697594,0.558935361,0.3947097300663846,9492
256,2015,Chris Hatcher,LAD,49,166,3.69230769,35,8,0,19,16,4,13,2,3,45,0.238095238,0.310975609,0.374149659,0.2980244082433206,3299
257,2015,Zac Rosscup,CHC,33,118,4.3875,26,9,2,13,13,5,13,0,0,29,0.252427184,0.336206896,0.524271844,0.3668831833477678,9419
258,2015,Roenis Elias,SEA,22,490,4.13583815,106,20,2,57,53,15,44,1,9,97,0.24537037,0.325153374,0.405092592,0.319810325127156,12673
259,2015,Tom Koehler,MIA,32,800,4.08362989,180,36,3,96,85,22,77,3,6,137,0.254957507,0.331234256,0.407932011,0.322879817181381,6570
260,2015,Mark Lowe,SEA,34,144,1.0,31,6,0,6,4,1,11,1,1,47,0.234848484,0.298611111,0.303030303,0.2680367168846664,7416
261,2015,Jose Ramirez,NYY,3,20,15.0,6,2,0,5,5,0,4,0,1,2,0.4,0.55,0.533333333,0.4750669449567795,10171
262,2015,Cory Mazzoni,SDP,8,53,20.76923076,23,8,0,22,20,2,5,0,0,8,0.489361702,0.528301886,0.787234042,0.5484090188764176,12537
263,2015,Jon Moscot,CIN,3,50,4.62857143,11,1,0,6,6,2,5,0,0,6,0.25,0.32,0.409090909,0.3173533010482788,13849
264,2015,Jeff Francoeur,PHI,1,11,9.0,1,0,0,2,2,1,3,0,1,1,0.166666666,0.454545454,0.666666666,0.4403594244610179,4792
265,2015,Jake Elmore,TBR,1,6,9.0,3,0,0,1,1,1,0,0,0,0,0.5,0.5,1.0,0.6378236611684164,7290
266,2015,Tanner Roark,WSN,40,461,4.4587156,119,24,1,55,54,17,26,3,5,68,0.282660332,0.328947368,0.465558194,0.3401018666642127,8753
267,2015,Nick Franklin,TBR,1,7,18.0,3,1,0,2,2,1,0,0,1,0,0.5,0.571428571,1.166666666,0.7029312763895307,10166
268,2015,Scott Copeland,TOR,5,69,6.45652174,24,5,1,11,11,1,2,0,0,6,0.369230769,0.382352941,0.523076923,0.3865957505562726,10706
269,2015,Elvis Araujo,PHI,39,147,3.17647059,27,4,1,16,12,1,19,1,0,34,0.216,0.319444444,0.288,0.2765386329664217,12854
270,2015,Jon Edwards,TEX,11,31,6.0,6,1,0,4,4,1,8,0,0,6,0.272727272,0.451612903,0.454545454,0.3980517579663184,1483
271,2015,Ronald Belisario,TBR,5,30,4.90909091,5,2,0,4,4,0,3,1,0,5,0.185185185,0.266666666,0.259259259,0.2251275407856908,2203
272,2015,Ryan Raburn,CLE,1,4,0.0,1,0,0,2,0,0,1,0,0,0,0.333333333,0.5,0.333333333,0.3919167220592499,2218
273,2015,David Murphy,CLE,1,6,0.0,2,0,0,5,0,1,1,0,1,0,0.5,0.666666666,1.25,0.72518190741539,6035
274,2015,Donovan Hand,CIN,1,13,0.0,2,1,0,0,0,0,1,0,1,3,0.181818181,0.307692307,0.272727272,0.2724667466603793,8728
275,2015,Alexi Amarista,SDP,1,1,0.0,0,0,0,0,0,0,0,0,0,0,0.0,0.0,0.0,0.0,9063
276,2015,Akeel Morris,NYM,1,8,67.49999966,3,0,0,5,5,1,3,0,0,0,0.6,0.75,1.2,0.7359338849782944,12185
277,2015,Sean O'Sullivan,PHI,13,313,5.82352941,88,22,1,45,44,14,20,5,6,34,0.31768953,0.37012987,0.555956678,0.3883818073241231,9137
278,2015,Anthony Ranaudo,TEX,4,73,7.63043478,18,3,1,13,13,2,8,0,1,11,0.295081967,0.38028169,0.475409836,0.370089204378531,11424
279,2015,Keone Kela,TEX,68,243,2.23756906,52,9,0,17,15,4,18,0,0,68,0.232142857,0.289256198,0.325892857,0.2738963498556909,14696
280,2015,Phillippe Aumont,PHI,1,23,13.5,5,2,0,6,6,2,7,0,0,3,0.3125,0.52173913,0.8125,0.5361675956974858,5362
281,2015,Tyler Lyons,STL,17,255,3.75,59,9,1,29,25,12,15,0,1,60,0.252136752,0.297619047,0.452991452,0.3226007812079929,11334
282,2015,Kyle Crockett,CLE,30,71,4.32,17,3,0,9,8,1,7,0,1,14,0.278688524,0.352112676,0.37704918,0.3212795417073746,15033
283,2015,Josh Wilson,DET,1,4,9.0,2,0,0,1,1,1,0,0,0,0,0.5,0.5,1.25,0.736529529094696,2102
284,2015,Brandon Gomes,TBR,62,245,4.29545455,55,12,0,28,28,10,15,2,3,44,0.247747747,0.301652892,0.436936936,0.3161613600949446,2267
285,2015,David Hernandez,ARI,40,144,4.27722772,33,7,0,18,16,6,11,0,3,33,0.255813953,0.328671328,0.449612403,0.3392433607494914,4259
286,2015,Seth Rosin,PHI,1,14,22.5,7,2,0,5,5,1,1,0,1,0,0.636363636,0.642857142,1.09090909,0.6790074322904859,10606
287,2015,Logan Verrett,NYM,13,145,3.10619469,23,1,0,13,13,5,11,3,2,34,0.178294573,0.251748251,0.302325581,0.2391982299940926,12905
288,2015,Scott Kazmir,OAK,18,434,2.40923077,82,16,2,35,29,7,35,0,3,100,0.210796915,0.278422273,0.316195372,0.2648412765040475,4897
289,2015,Phil Coke,TOR,2,11,3.375,1,0,0,1,1,1,2,0,0,3,0.111111111,0.272727272,0.444444444,0.3126345764506947,5535
290,2015,Jose De Paula,NYY,1,15,2.7,2,0,0,1,1,1,4,0,0,2,0.181818181,0.4,0.454545454,0.3795660177866617,5744
291,2015,Ryan Pressly,MIN,27,119,2.92771084,27,6,0,9,9,0,12,1,0,22,0.257142857,0.330508474,0.314285714,0.2870957046492487,7005
292,2015,Matt West,LAD,2,11,0.0,2,1,0,0,0,0,1,0,0,2,0.2,0.272727272,0.3,0.2567215832796963,7980
293,2015,Jake Petricka,CHW,62,220,3.63461538,56,11,0,21,21,2,18,4,1,33,0.284263959,0.345622119,0.370558375,0.3106052710416731,10534
294,2015,Danny Burawa,NYY,1,6,53.99999973,3,0,0,4,4,1,1,0,0,1,0.6,0.666666666,1.2,0.7522975007692972,11397
295,2015,Aaron Brooks,KCR,2,18,6.23076924,6,2,2,3,3,0,0,0,0,3,0.333333333,0.333333333,0.666666666,0.4145852194892035,12272
296,2015,Joe Blanton,KCR,15,172,3.888,43,10,2,19,18,6,7,1,0,40,0.265432098,0.29239766,0.462962962,0.3193204150480382,4849
297,2015,Junior Guerra,CHW,3,18,7.36363636,7,0,0,3,3,1,1,1,0,3,0.411764705,0.444444444,0.588235294,0.4323669040904325,5702
298,2015,Todd Redmond,TOR,6,62,8.775,15,4,1,13,13,3,7,0,1,9,0.277777777,0.370967741,0.555555555,0.3952731615112674,9943
299,2015,Casey Fien,MIN,62,257,3.55263158,61,9,2,26,25,6,8,0,0,41,0.25,0.270588235,0.37704918,0.278970742225647,3926
300,2015,Eric O'Flaherty,OAK,24,103,4.71428571,28,8,0,14,11,1,10,0,0,15,0.304347826,0.372549019,0.423913043,0.3501915884952919,5746
301,2015,Pedro Villarreal,CIN,29,214,3.42,57,8,1,24,19,6,12,2,3,29,0.293814432,0.339622641,0.438144329,0.3335882161344801,9904
302,2015,Jose Urena,MIA,20,274,5.25405405,73,16,1,37,36,5,25,2,3,28,0.306722689,0.372693726,0.445378151,0.3527686598132534,11589
303,2015,Alex Claudio,TEX,18,66,2.87234042,12,1,1,6,5,4,6,2,1,13,0.210526315,0.287878787,0.47368421,0.3103447770699858,12890
304,2015,Diego Moreno,NYY,4,45,5.22580645,9,3,0,6,6,1,3,0,2,8,0.225,0.311111111,0.375,0.3052225510279338,6238
305,2015,Anthony Bass,TEX,32,263,4.64516129,65,17,4,33,32,5,19,1,1,42,0.274261603,0.326923076,0.443037974,0.330089559196045,7982
306,2015,J.J. Hoover,CIN,67,264,2.93782383,44,9,4,24,21,7,31,1,2,52,0.196428571,0.297297297,0.366071428,0.2919438338094903,9037
307,2015,Vidal Nuno,SEA,32,318,4.09821429,80,18,1,35,34,14,17,1,5,62,0.277777777,0.321766561,0.493055555,0.3452532368747494,9674
308,2015,Chris Volstad,PIT,1,7,0.0,2,0,0,0,0,0,0,0,0,0,0.285714285,0.285714285,0.285714285,0.2516639573233468,9901
309,2015,Mychal Givens,BAL,22,117,1.8,20,8,1,7,6,1,6,0,1,38,0.185185185,0.23275862,0.305555555,0.2358367078263184,10430
310,2015,Buck Farmer,DET,14,186,7.36363636,53,10,2,35,33,10,17,2,3,24,0.323170731,0.394594594,0.591463414,0.4162107592071992,14814
311,2015,Tommy Hunter,BAL,39,180,3.62686567,41,6,1,19,18,3,11,2,1,32,0.25,0.296089385,0.353658536,0.2798470935579074,1157
312,2015,Jacob deGrom,NYM,30,748,2.55789474,149,24,0,59,54,16,38,2,2,204,0.215629522,0.25609756,0.319826338,0.2518581665404465,10954
313,2015,Max Scherzer,WSN,33,883,2.85692996,176,40,3,74,71,27,34,2,5,265,0.21179302,0.246559633,0.364620938,0.2640611964395676,3137
314,2015,Fernando Rodriguez Jr.,OAK,56,240,3.85714286,43,9,1,27,25,4,23,1,1,65,0.200934579,0.280334728,0.308411214,0.2627493831790796,7558
315,2015,Adam Rosales,TEX,2,10,9.0,2,0,0,3,2,2,1,0,0,1,0.25,0.333333333,1.0,0.5352701743443807,9682
316,2015,Jarred Cosart,MIA,14,292,4.58737864,61,11,4,35,35,10,33,1,1,47,0.239215686,0.327586206,0.431372549,0.3296033735918751,10304
317,2015,Rob Rasmussen,TOR,1,4,0.0,1,0,0,0,0,0,0,0,0,1,0.25,0.25,0.25,0.2202059626579284,11250
318,2015,Justin Grimm,CHC,62,204,1.99328859,31,7,0,18,11,4,26,1,1,67,0.178160919,0.284313725,0.287356321,0.2589199704489685,11720
319,2015,Justin Nicolino,MIA,12,287,4.11428571,69,14,4,32,32,7,20,2,3,22,0.26953125,0.326241134,0.4375,0.3274834021925926,11754
320,2015,Randall Delgado,ARI,64,308,3.25,63,13,0,28,26,7,33,2,1,73,0.234200743,0.318032786,0.360594795,0.2992550057939964,5985
321,2015,Chris Rusin,COL,24,565,5.02659574,160,37,6,80,70,15,39,5,2,81,0.306513409,0.357015985,0.486590038,0.3613968023689844,9895
322,2015,Donn Roach,CHC,1,18,10.80000001,8,1,0,4,4,0,1,0,0,1,0.470588235,0.5,0.529411764,0.4504933622148301,10620
323,2015,Fernando Rodney,SEA,54,227,5.72185431,51,13,1,32,32,8,25,3,5,43,0.261538461,0.358407079,0.461538461,0.3528840068744437,494
324,2015,Jeff Locke,PIT,30,736,4.49108911,179,32,2,95,84,15,60,4,7,129,0.273700305,0.337448559,0.397553516,0.3205043293689859,2929
325,2015,Edward Mujica,OAK,37,135,4.95918367,37,4,0,21,18,7,4,2,0,21,0.286821705,0.305970149,0.480620155,0.3314943042668429,3970
326,2015,Bo Schultz,TOR,31,173,3.55813953,32,4,0,19,17,7,14,0,1,31,0.205128205,0.2716763,0.365384615,0.2792680673516555,5028
327,2015,Christian Bergman,COL,30,286,4.74146341,82,18,3,36,36,8,15,1,0,37,0.305970149,0.341549295,0.485074626,0.3541244099923663,10925
328,2015,Toru Murata,CLE,1,16,8.10000001,4,1,0,5,3,2,1,0,0,2,0.266666666,0.3125,0.733333333,0.434657871723175,11652
329,2015,Spencer Patton,TEX,27,109,9.0,24,7,0,24,24,5,12,0,4,28,0.260869565,0.37037037,0.5,0.3778230448563893,12361
330,2015,Jason Frasor,KCR,25,101,1.6119403,24,7,0,5,4,1,15,2,0,16,0.282352941,0.39,0.4,0.3457278475469472,1906
331,2015,Brad Ziegler,ARI,65,257,1.89949749,48,9,0,17,14,3,16,3,1,35,0.201680672,0.25490196,0.277310924,0.2335677220234795,7293
332,2015,Kirby Yates,TBR,20,92,7.96721312,23,3,0,18,18,10,7,0,1,21,0.273809523,0.336956521,0.666666666,0.4212611337070879,9073
333,2015,Adam Liberatore,LAD,39,122,4.24719101,26,6,1,14,14,3,9,4,0,29,0.232142857,0.286885245,0.383928571,0.278432842028343,10637
334,2015,Alex Meyer,MIN,2,15,16.87499998,4,0,0,5,5,2,3,0,0,3,0.363636363,0.5,0.909090909,0.5680546675409589,12833
335,2015,Danny Salazar,CLE,30,757,3.45405405,156,28,7,79,71,23,53,1,7,195,0.226086956,0.286472148,0.386956521,0.293359944782409,5867
336,2015,James Shields,SDP,33,852,3.86356073,188,43,6,91,86,32,80,5,9,212,0.248677248,0.327423167,0.448412698,0.3351945745959152,7059
337,2015,Sean Gilmartin,NYM,50,235,2.68421053,50,11,1,17,17,2,18,5,2,54,0.235849056,0.300429184,0.325471698,0.2702570860846001,12781
338,2015,Jonathan Aro,BOS,5,38,8.2173913,14,6,0,7,7,1,2,0,0,4,0.4,0.421052631,0.657142857,0.4511150121688843,14699
339,2015,Francisco Liriano,PIT,31,760,3.42391304,150,24,3,75,70,15,70,1,5,202,0.219941348,0.296833773,0.329912023,0.2800848366719728,3201
340,2015,Matthew Boyd,TOR,1,7,63.0,6,0,0,7,7,2,1,0,0,0,1.0,1.0,2.0,1.1915324245180403,15440
341,2015,Kevin Correia,PHI,5,114,6.55714286,37,10,0,23,17,4,8,0,0,14,0.362745098,0.401785714,0.578431372,0.4158712072031839,1767
342,2015,Wandy Rodriguez,TEX,17,392,4.8996139,99,22,1,48,47,10,36,2,3,72,0.285302593,0.352941176,0.44092219,0.3432557716161242,2586
343,2015,Neil Ramirez,CHC,19,60,3.21428571,12,3,1,5,5,1,6,0,0,15,0.23076923,0.3,0.384615384,0.295251727104187,7677
344,2015,Matt Thornton,WSN,60,170,2.17741936,33,8,1,12,10,2,11,3,1,23,0.212903225,0.267857142,0.316129032,0.2507025736750978,1918
345,2015,Everett Teaford,TBR,4,24,1.58823529,5,3,0,1,1,0,3,1,1,4,0.25,0.375,0.4,0.3314032891522283,3732
346,2015,Mike Montgomery,SEA,16,372,4.53515625,87,20,1,46,43,11,33,1,3,61,0.259701492,0.331536388,0.423880597,0.3297743241529207,4869
347,2015,Dana Eveland,ATL,10,18,5.40000001,5,4,0,2,2,1,3,1,0,4,0.357142857,0.444444444,0.857142857,0.4978860266068402,5508
348,2015,Justin Verlander,DET,20,535,3.375,113,20,2,56,50,13,32,1,3,113,0.229208924,0.277153558,0.356997971,0.2763853031743534,8700
349,2015,Mike Leake,CIN,21,556,3.55609756,123,28,0,55,54,14,34,4,2,90,0.240234375,0.289090909,0.376953125,0.2884212053302443,10130
350,2015,Steven Matz,NYM,6,149,2.27102804,34,1,0,9,9,4,10,0,1,34,0.25,0.304054054,0.345588235,0.2881614859845187,13361
351,2015,Drew VerHagen,DET,20,106,2.05063291,18,1,0,6,6,1,14,2,1,13,0.2,0.314285714,0.244444444,0.2560678946161733,13424
352,2015,Kyle Lohse,MIL,36,605,5.28537736,157,32,2,83,83,25,39,3,3,97,0.284420289,0.332775919,0.485507246,0.3499543467489611,739
353,2015,Nick Hagadone,CLE,34,117,4.15384615,28,3,1,15,12,3,11,1,0,26,0.269230769,0.336206896,0.403846153,0.321083462756613,1351
354,2015,Eric Surkamp,LAD,1,16,10.80000001,4,0,0,4,4,2,1,0,2,4,0.307692307,0.4375,0.769230769,0.5009587407112122,2540
355,2015,Jeff Manship,CLE,31,138,0.95575221,20,6,0,4,4,1,9,0,0,31,0.16,0.210144927,0.232,0.1973566291988759,6865
356,2015,Matt Wisler,ATL,20,478,4.70642202,119,33,1,59,57,16,40,4,4,72,0.28,0.343881856,0.475294117,0.3499394137808617,12804
357,2015,Matt Moore,TBR,12,278,5.42857143,74,15,1,40,38,9,23,1,4,46,0.298387096,0.363309352,0.475806451,0.3616220778936944,1890
358,2015,Marcus Hatley,STL,2,7,0.0,1,0,0,0,0,0,2,0,0,2,0.2,0.428571428,0.2,0.3220728465488979,4002
359,2015,Mike Foltynewicz,ATL,18,399,5.71153846,112,23,2,63,55,17,29,0,4,77,0.312849162,0.365239294,0.530726256,0.3819677799714903,10811
360,2015,Ryan O'Rourke,MIN,28,97,6.13636364,16,2,0,15,15,3,15,2,0,24,0.2,0.322916666,0.3375,0.2907068691355117,10976
361,2015,Joe Smith,LAA,69,268,3.65625,64,11,2,26,26,4,19,4,2,57,0.262295081,0.319548872,0.372950819,0.2992600198010452,3281
362,2015,Clayton Richard,CHC,22,158,4.21100917,42,7,3,17,17,3,7,1,1,19,0.28,0.316455696,0.426666666,0.3194609838686171,3551
363,2015,Matt Harrison,TEX,3,69,6.75,19,2,1,12,12,3,6,0,0,5,0.306451612,0.36231884,0.516129032,0.3749907932419707,5551
364,2015,Mayckol Guaipe,SEA,21,121,5.4,34,4,1,19,16,5,13,1,3,22,0.330097087,0.416666666,0.533980582,0.4074118132350825,11663
365,2015,David Price,DET,21,592,2.52739726,133,26,4,50,41,13,29,2,3,138,0.24137931,0.280612244,0.373865698,0.2830406979692674,3184
366,2015,Brett Oberholtzer,HOU,8,171,4.46086957,44,9,1,21,19,4,17,0,1,27,0.293333333,0.364705882,0.446666666,0.3528291874072131,3855
367,2015,Severino Gonzalez,PHI,7,137,7.97727273,43,6,1,26,26,4,7,0,4,24,0.3553719,0.397058823,0.520661157,0.3916158711209017,14697
368,2015,Vinnie Pestano,LAA,19,60,5.4,15,3,0,9,7,3,8,2,1,13,0.306122448,0.4,0.551020408,0.3919189233204414,4782
369,2015,Aaron Laffey,COL,3,33,3.68181818,8,1,0,3,3,1,3,1,1,3,0.296296296,0.387096774,0.444444444,0.3566108087698618,6248
370,2015,Chase Anderson,ARI,27,628,4.26948775,155,31,3,73,71,18,40,2,7,109,0.272407732,0.3232,0.432337434,0.3254478411154035,6895
371,2015,Drew Pomeranz,OAK,53,357,3.6627907,71,14,1,44,35,8,31,1,3,82,0.226114649,0.297450424,0.353503184,0.2862032413144003,11426
372,2015,Nick Greenwood,STL,1,2,18.0,2,0,0,2,2,1,0,0,0,0,1.0,1.0,2.5,1.473059058189392,8182
373,2015,Brandon Beachy,LAD,2,39,7.875,10,4,0,7,7,1,6,2,0,5,0.3125,0.421052631,0.53125,0.3956074383523729,8851
374,2015,Bryan Mitchell,NYY,20,143,6.37078652,37,5,0,24,21,4,16,1,2,29,0.296,0.384615384,0.432,0.3587641103166929,11479
375,2015,Adam Conley,MIA,15,281,3.76119403,65,14,1,28,28,7,21,1,3,59,0.257936507,0.317857142,0.404761904,0.3132820682713635,14457
376,2015,Justin Wilson,NYY,74,244,3.09836066,49,8,1,21,21,3,20,0,2,66,0.222727272,0.293388429,0.309090909,0.2710901794354777,4301
377,2015,Ryan Mattheus,CIN,57,249,3.92727273,67,14,0,30,24,3,17,2,2,35,0.30044843,0.351020408,0.403587443,0.3274229171344773,7169
378,2015,David Carpenter,ATL,4,17,7.36363636,6,1,0,3,3,2,0,0,0,5,0.352941176,0.352941176,0.764705882,0.4723135653664084,9244
379,2015,David Rollins,SEA,20,118,7.56,37,6,2,21,21,3,8,1,2,21,0.345794392,0.401709401,0.523364485,0.3971330441277602,11928
380,2015,Dan Otero,OAK,40,199,6.50364963,62,13,1,33,33,7,5,1,2,27,0.329787234,0.348484848,0.521276595,0.3689348219614948,7385
381,2015,Mike Dunn,MIA,72,235,4.52795031,46,10,2,27,27,6,29,1,2,65,0.226600985,0.327659574,0.384236453,0.3139903825572413,9948
382,2015,Taylor Jordan,WSN,4,77,5.29411765,20,5,0,10,10,0,6,0,0,11,0.289855072,0.342105263,0.36231884,0.3107206397934964,10466
383,2015,Jenrry Mejia,NYM,7,27,0.0,4,2,0,0,0,0,2,1,0,7,0.166666666,0.23076923,0.25,0.1984412717819214,8476
384,2015,George Kontos,SFG,72,284,2.34246575,57,8,1,20,19,9,12,3,0,44,0.212686567,0.243816254,0.350746268,0.2527346525873457,9486
385,2015,Yusmeiro Petit,SFG,42,316,3.67105263,75,15,5,32,31,11,15,2,1,59,0.255972696,0.288888888,0.453924914,0.3128961566538095,4020
386,2015,Steven Wright,BOS,16,310,4.08715596,67,13,0,38,33,12,27,0,1,52,0.239285714,0.307443365,0.414285714,0.3151214954150919,8185
387,2015,Andrew McKirahan,ATL,27,129,5.92682927,40,5,0,18,18,2,10,2,2,22,0.344827586,0.403100775,0.439655172,0.3654341190818727,12870
388,2015,Travis Wood,CHC,53,416,3.88294314,86,13,2,48,43,11,39,5,1,118,0.230563002,0.303614457,0.36461126,0.2906300575267977,9884
389,2015,Vince Velasquez,HOU,19,223,4.16666667,48,13,3,26,25,4,19,0,2,57,0.237623762,0.30941704,0.391089108,0.3072850126856645,11189
390,2015,Matt Stites,ARI,11,44,12.46153846,14,1,1,14,12,1,5,0,0,6,0.368421052,0.431818181,0.526315789,0.4099776121703061,12165
391,2015,Brian Johnson,BOS,1,19,8.30769231,3,0,0,4,4,0,4,0,0,3,0.214285714,0.368421052,0.214285714,0.283675984332436,14272
392,2015,Felix Doubront,TOR,5,101,4.76470588,32,7,0,15,12,1,5,1,1,13,0.340425531,0.376237623,0.44680851,0.3546446281671524,1478
393,2015,Jake Diekman,PHI,41,175,5.15454545,40,10,0,23,21,3,24,0,2,49,0.268456375,0.377142857,0.395973154,0.3454932887213571,5003
394,2015,Arodys Vizcaino,ATL,36,139,1.6039604,27,8,1,7,6,1,13,2,0,37,0.217741935,0.291970802,0.322580645,0.2684363700725414,5498
395,2015,Jake McGee,TBR,39,147,2.41071429,27,5,0,11,10,3,8,1,1,48,0.197080291,0.244897959,0.299270072,0.2379378092615571,7550
396,2015,Sam Dyson,MIA,44,190,3.68181818,41,5,0,21,18,3,17,1,3,41,0.246987951,0.326203208,0.331325301,0.2940231289273949,11710
397,2015,Noah Syndergaard,NYM,23,565,3.40714286,121,16,6,59,53,18,30,2,2,152,0.230038022,0.272727272,0.385931558,0.2841775641245151,11762
398,2015,Sam Tuivailala,STL,14,65,3.06818182,13,3,1,5,5,2,8,1,0,20,0.228070175,0.323076923,0.421052631,0.3198006395250559,13485
399,2015,Kelvin Herrera,KCR,70,278,2.64705882,50,8,0,22,20,5,24,0,2,62,0.203252032,0.274368231,0.296747967,0.2559119549038608,6033
400,2015,Abel De Los Santos,WSN,2,8,5.39999999,2,0,0,1,1,1,1,0,0,3,0.285714285,0.375,0.714285714,0.4541201442480087,12962
401,2015,LaTroy Hawkins,COL,24,89,3.62686567,22,1,1,9,9,3,4,1,0,20,0.258823529,0.292134831,0.4,0.2963734147223559,729
402,2015,Dan Haren,MIA,21,524,3.41860465,116,28,1,50,49,21,25,1,7,88,0.2406639,0.285714285,0.433609958,0.3090646925240006,1757
403,2015,Manny Banuelos,ATL,7,121,5.12658228,30,6,0,17,15,4,12,0,3,19,0.283018867,0.371900826,0.452830188,0.3620808641772625,5365
404,2015,Jonathan Papelbon,PHI,37,161,1.58823529,31,6,1,9,7,3,8,1,4,40,0.210884353,0.270440251,0.326530612,0.2626924167705488,5975
405,2015,Andrew Cashner,SDP,31,804,4.33754513,200,40,6,111,89,19,66,2,6,165,0.278551532,0.341708542,0.430362116,0.3353078132612579,8782
406,2015,Patrick Corbin,ARI,16,357,3.6,91,23,2,34,34,9,17,0,2,78,0.271641791,0.309859154,0.43283582,0.3210979364287685,9323
407,2015,Ryan Tepera,TOR,32,128,3.27272727,23,3,0,14,12,8,6,0,3,22,0.19327731,0.25,0.420168067,0.2901289141736924,10291
408,2015,Tim Cooney,STL,6,130,3.15957447,28,7,1,12,11,3,10,2,1,29,0.24137931,0.307086614,0.396551724,0.3021666331291199,13762
409,2015,Ian Thomas,LAD,9,73,4.0,16,4,0,8,8,1,6,0,0,18,0.23880597,0.301369863,0.343283582,0.286308177529949,13881
410,2015,Chin-hui Tsao,LAD,5,37,10.28571429,15,4,0,9,8,3,3,1,0,7,0.44117647,0.486486486,0.823529411,0.5455900496906705,1776
411,2015,Josh Ravin,LAD,9,47,6.75,13,0,0,7,7,3,4,0,1,12,0.309523809,0.382978723,0.523809523,0.3929707179678247,2951
412,2015,Cole Hamels,PHI,20,530,3.67539267,112,18,1,53,52,12,37,3,6,134,0.232848232,0.295238095,0.349272349,0.2835225099804758,4972
413,2015,Johnny Cueto,CIN,19,516,2.61734694,93,25,2,42,38,11,29,1,6,120,0.196202531,0.25,0.327004219,0.2530313970524737,6893
414,2015,Zach Lee,LAD,1,24,13.49999999,11,3,0,7,7,1,1,0,0,3,0.478260869,0.5,0.739130434,0.5286131600538889,11468
415,2015,Noe Ramirez,BOS,17,61,4.15384615,13,1,0,12,6,3,7,0,2,13,0.25,0.360655737,0.442307692,0.354487374180653,12800
416,2015,Carter Capps,MIA,30,118,1.16129032,18,2,0,5,4,2,7,0,2,58,0.168224299,0.23076923,0.242990654,0.2155455157288119,12803
417,2015,Taylor Jungmann,MIL,21,501,3.77094972,106,20,4,55,50,11,47,1,8,107,0.241457858,0.32264529,0.380410022,0.3094350468202767,13119
418,2015,David Ross,CHC,1,3,0.0,0,0,0,0,0,0,0,0,0,0,0.0,0.0,0.0,0.0,1551
419,2015,Nate Adcock,CIN,13,83,6.0,15,5,1,12,12,3,12,0,1,13,0.220588235,0.341463414,0.455882352,0.3453243643772311,3282
420,2015,Dallas Keuchel,HOU,33,909,2.48991354,185,28,2,68,64,17,51,0,2,216,0.21713615,0.262114537,0.31455399,0.2549480940276831,9434
421,2015,Yoervis Medina,CHC,5,43,7.0,12,1,1,7,7,1,4,0,0,7,0.307692307,0.372093023,0.461538461,0.3625703301540641,10498
422,2015,Andrew Heaney,LAA,18,438,3.49211356,99,22,1,41,41,9,28,1,6,78,0.2475,0.304347826,0.375,0.2974507209904697,15423
423,2015,Rafael Soriano,CHC,6,25,6.35294117,8,3,0,4,4,2,1,0,0,4,0.333333333,0.36,0.708333333,0.449148588180542,1100
424,2015,Jason Frasor,ATL,6,20,0.0,3,0,0,0,0,0,3,1,0,4,0.176470588,0.3,0.176470588,0.2113767172160901,1906
425,2015,Ivan Nova,NYY,16,390,5.31818182,94,25,2,53,52,13,31,0,7,56,0.270893371,0.341085271,0.466858789,0.3496833797881153,1994
426,2015,Kevin Jepsen,TBR,46,176,2.808,34,1,1,15,13,4,20,1,0,34,0.226666666,0.308571428,0.326666666,0.2806017570111943,6475
427,2015,Ubaldo Jimenez,BAL,32,787,4.13114754,182,29,5,89,84,20,67,1,10,168,0.258156028,0.329516539,0.39858156,0.3197031718150825,3374
428,2015,Dallas Beeler,CHC,3,46,9.72,14,4,0,11,9,0,7,2,0,7,0.358974358,0.456521739,0.461538461,0.3924439955841411,11471
429,2015,Phil Klein,TEX,10,80,5.51020408,21,4,0,12,10,3,9,0,0,11,0.295774647,0.375,0.478873239,0.3716760769486427,12675
430,2015,Corey Kluber,CLE,32,876,3.47727273,185,43,2,91,85,22,44,3,11,244,0.228395061,0.276179516,0.367901234,0.2801866788098773,2429
431,2015,Mike Fiers,MIL,21,509,3.88983051,117,22,5,57,51,14,43,5,5,121,0.258849557,0.326086956,0.422566371,0.3216691294354117,7754
432,2015,Eddie Butler,COL,16,370,5.89915966,102,30,1,57,52,13,42,4,4,44,0.321766561,0.406593406,0.545741324,0.4060873717069626,13453
433,2015,Alfredo Simon,DET,31,790,5.16914498,195,44,10,110,103,24,68,1,5,114,0.277777777,0.343149807,0.471509971,0.3505772013694812,2155
434,2015,Scott Kazmir,HOU,13,323,4.17272727,78,12,1,42,34,13,24,0,6,54,0.269896193,0.336448598,0.453287197,0.3430345771468688,4897
435,2015,Jaff Decker,PIT,1,5,0.0,2,1,0,0,0,0,0,0,0,0,0.4,0.4,0.6,0.4274188756942749,7945
436,2015,Deolis Guerra,PIT,10,74,6.48,26,6,0,12,12,5,3,0,1,17,0.371428571,0.405405405,0.671428571,0.4575015088996371,8410
437,2015,R.J. Alvarez,OAK,21,100,9.9,27,6,0,23,22,7,13,1,0,23,0.317647058,0.4,0.635294117,0.4299831655290391,13401
438,2015,Adam LaRoche,CHW,1,3,0.0,0,0,0,0,0,0,0,0,0,1,0.0,0.0,0.0,0.0,1904
439,2015,Andre Rienzo,MIA,14,89,5.94915254,17,4,1,14,13,2,13,1,1,15,0.229729729,0.352272727,0.391891891,0.3277968791709549,3507
440,2015,Daniel Webb,CHW,27,150,6.3,41,6,1,26,21,3,22,1,1,22,0.325396825,0.426666666,0.46031746,0.3877520269195505,10558
441,2015,Tyler Thornburg,MIL,23,145,3.85714286,31,4,0,22,14,7,11,0,3,32,0.240310077,0.310344827,0.434108527,0.3228157466855542,10688
442,2015,Mike Wright Jr.,BAL,12,204,6.04477612,52,14,0,30,30,9,18,3,5,26,0.290502793,0.367647058,0.519553072,0.3761822112757175,12586
443,2015,Roberto Osuna,TOR,67,265,2.66009852,48,13,3,21,20,7,16,2,1,75,0.195121951,0.246212121,0.357723577,0.2592581053271548,13764
444,2015,Jonathan Broxton,STL,26,101,2.66197183,20,3,2,8,7,2,12,0,0,26,0.232558139,0.326530612,0.38372093,0.3140874675342014,4759
445,2015,Joe Blanton,PIT,21,137,1.57281553,26,8,0,7,6,1,9,4,1,39,0.206349206,0.262773722,0.293650793,0.2349008227649488,4849
446,2015,Cole Hamels,TEX,12,343,3.65737052,77,17,1,35,34,10,23,0,4,78,0.245222929,0.304093567,0.401273885,0.3082865319753948,4972
447,2015,Steve Cishek,STL,27,99,2.31428571,18,2,0,7,6,2,13,0,1,20,0.211764705,0.323232323,0.305882352,0.2891086189433782,6483
448,2015,Josh Collmenter,ARI,42,482,3.82436261,124,32,3,52,50,18,23,2,0,59,0.274944567,0.30625,0.478935698,0.3328884281373921,7312
449,2015,Mark Lowe,TOR,23,71,3.78947368,15,3,0,9,8,3,1,0,0,14,0.223880597,0.228571428,0.402985074,0.26541360105787,7416
450,2015,Hunter Strickland,SFG,55,191,2.47058824,34,6,1,14,14,4,10,1,2,50,0.189944134,0.240837696,0.301675977,0.2382619437418486,7836
451,2015,Bryan Shaw,CLE,72,259,3.0,58,9,1,22,21,8,18,1,1,52,0.242677824,0.298449612,0.389121338,0.2998069160643254,8110
452,2015,Aaron Brooks,OAK,11,232,6.70588235,67,12,0,38,38,9,14,0,4,35,0.320574162,0.371179039,0.507177033,0.3784677534644781,12272
453,2015,Dalier Hinojosa,PHI,18,93,0.7826087,15,2,0,3,2,1,8,1,0,21,0.176470588,0.247311827,0.235294117,0.216908943393956,15671
454,2015,Mat Latos,LAD,6,106,6.65753425,31,10,0,19,18,3,6,1,0,18,0.322916666,0.35576923,0.520833333,0.3693944910197582,3815
455,2015,Tyler Clippard,NYM,31,131,3.15957447,24,5,0,13,11,5,10,1,2,24,0.205128205,0.276923076,0.376068376,0.2833891922189284,5640
456,2015,Jorge Rondon,BAL,8,66,7.425,20,2,2,15,11,3,6,0,0,8,0.333333333,0.393939393,0.583333333,0.4161899595549612,5791
457,2015,Kevin Jepsen,MIN,29,109,1.60714286,18,1,0,5,5,1,7,0,0,25,0.176470588,0.229357798,0.215686274,0.2038775015314784,6475
458,2015,Joakim Soria,PIT,29,107,2.025,23,4,0,7,6,0,8,0,0,28,0.237113402,0.29245283,0.278350515,0.2571271657943725,6941
459,2015,Juan Nicasio,LAD,53,260,3.85714286,59,14,5,25,25,1,32,6,1,65,0.263392857,0.357976653,0.383928571,0.3209247971435942,7731
460,2015,Keyvius Sampson,CIN,13,251,6.53503185,67,16,1,43,38,7,26,0,0,42,0.30316742,0.373493975,0.479638009,0.3690156845682596,10039
461,2015,Mike Leake,SFG,9,222,4.06626506,51,8,3,25,25,8,15,1,1,29,0.248780487,0.301801801,0.434146341,0.3161779736501598,10130
462,2015,Jose Fernandez,MIA,11,265,2.92268041,61,8,2,21,21,4,14,0,2,79,0.248979591,0.290566037,0.346938775,0.2790583794971682,11530
463,2015,LaTroy Hawkins,TOR,18,73,2.75510204,22,3,1,7,5,1,3,0,0,14,0.318840579,0.347222222,0.434782608,0.3397612919410069,729
464,2015,Felix Doubront,OAK,11,227,5.81012658,55,12,0,35,34,9,21,0,0,43,0.277777777,0.340807174,0.474747474,0.3499309840223714,1478
465,2015,Ross Detwiler,ATL,24,80,7.63043478,20,5,0,14,13,1,16,1,3,13,0.333333333,0.4875,0.466666666,0.4194331297391577,2859
466,2015,David Price,TOR,11,296,2.30044843,57,14,0,20,19,4,18,0,0,87,0.207272727,0.253378378,0.301818181,0.2451495584603902,3184
467,2015,Jonathan Papelbon,WSN,22,99,3.04225352,22,3,0,13,8,4,4,1,3,16,0.247191011,0.295918367,0.415730337,0.3036831586631303,5975
468,2015,Preston Guilmet,MIL,2,12,27.0,4,0,0,6,6,1,2,0,0,1,0.444444444,0.5,0.777777777,0.5067876577377319,7303
469,2015,Mike Fiers,HOU,10,252,3.32085562,45,7,2,26,23,10,21,0,1,59,0.197368421,0.265873015,0.377192982,0.2804699831065677,7754
470,2015,Sam Dyson,TEX,31,119,1.14893617,24,4,0,5,4,1,4,0,1,30,0.21238938,0.245762711,0.274336283,0.2312841693223533,11710
471,2015,Leonel Campos,SDP,1,5,9.0,1,1,0,1,1,0,1,0,0,1,0.25,0.4,0.5,0.3886227130889892,12277
472,2015,Chris Reed,MIA,2,18,4.5,6,0,0,2,2,0,1,0,0,1,0.375,0.411764705,0.375,0.3512815377291511,12801
473,2015,Zack Godley,ARI,9,150,3.19090909,29,5,0,13,13,4,17,1,3,34,0.2265625,0.32885906,0.359375,0.3061005823515557,14862
474,2015,Tommy Hunter,CHC,19,69,5.74468085,20,3,0,10,10,4,3,0,0,15,0.303030303,0.333333333,0.53030303,0.3701627219932666,1157
475,2015,Luis Avilan,LAD,23,66,5.17021276,13,2,0,9,9,2,5,0,1,18,0.224137931,0.292307692,0.362068965,0.288044457252209,2882
476,2015,J.A. Happ,PIT,11,249,1.84736842,52,13,0,13,13,3,13,1,0,69,0.221276595,0.262096774,0.314893617,0.2529521244257567,7410
477,2015,Justin Miller,COL,34,129,4.09090909,21,7,1,15,15,2,11,0,0,38,0.177966101,0.248062015,0.305084745,0.2462247332861257,8580
478,2015,Rob Rasmussen,SEA,19,75,10.67441861,25,5,0,18,17,2,8,0,0,16,0.373134328,0.44,0.537313432,0.4234868637720744,11250
479,2015,Henry Owens,BOS,11,261,4.23243243,57,12,0,32,29,7,21,0,3,49,0.242553191,0.310344827,0.382978723,0.3049107554771891,13143
480,2015,Alex Wood,LAD,12,292,4.3507109,66,13,2,36,34,7,23,2,2,49,0.252873563,0.315972222,0.398467432,0.3097662087920662,13781
481,2015,Jon Gray,COL,9,185,5.53278688,52,13,1,26,25,4,14,2,2,40,0.319018404,0.371584699,0.484662576,0.3636091407491357,14916
482,2015,Oliver Perez,ARI,48,128,3.10344828,25,4,0,12,10,2,11,1,4,37,0.223214285,0.314960629,0.3125,0.2827958360550895,1514
483,2015,Dan Haren,CHC,11,244,4.01142857,58,16,1,29,26,10,13,1,1,44,0.255506607,0.297520661,0.466960352,0.3261959743202969,1757
484,2015,Jim Johnson,LAD,23,95,10.125,32,3,0,22,21,3,6,0,4,17,0.38095238,0.442105263,0.523809523,0.4195757251036794,3656
485,2015,Eric O'Flaherty,NYM,16,51,13.49999999,18,5,0,13,13,1,5,1,2,6,0.409090909,0.490196078,0.59090909,0.4620033168792725,5746
486,2015,Tyler Moore,WSN,1,3,0.0,0,0,0,0,0,0,0,0,1,0,0.0,0.333333333,0.0,0.2393767635027567,7244
487,2015,Hector Neris,PHI,32,170,3.79338843,38,10,0,19,17,8,10,0,4,41,0.24516129,0.307692307,0.464516129,0.3339792186691916,11804
488,2015,Luis Severino,NYY,11,249,2.64130435,50,12,0,19,18,8,22,0,1,55,0.221238938,0.29317269,0.380530973,0.2965903337222026,15890
489,2015,Allen Webster,ARI,9,138,6.0,30,3,2,28,20,10,20,1,2,17,0.263157894,0.379562043,0.587719298,0.4066818786018035,3993
490,2015,Marc Rzepczynski,SDP,27,64,7.36363636,17,0,1,14,12,2,4,1,2,17,0.309090909,0.365079365,0.454545454,0.3476303988887417,6612
491,2015,Joe Ross,WSN,16,314,3.63913043,64,11,2,33,31,7,21,0,2,69,0.222996515,0.279742765,0.348432055,0.2767864780027383,12972
492,2015,Neal Cotts,MIL,48,201,3.44680851,44,5,0,18,18,9,17,2,3,46,0.25,0.324873096,0.431818181,0.3269269383870638,1797
493,2015,Justin Masterson,BOS,18,273,5.61235955,68,19,3,38,37,7,27,0,10,49,0.289361702,0.384615384,0.485106382,0.3779740394690098,2038
494,2015,Jake Odorizzi,TBR,28,682,3.32056452,145,34,8,63,61,18,45,0,3,146,0.231259968,0.284660766,0.397129186,0.2958321981901264,6397
495,2015,Julio Teheran,ATL,33,828,3.96121417,188,31,3,96,87,27,68,3,9,168,0.254742547,0.32396088,0.414634146,0.3220398140099882,6797
496,2015,John Axford,COL,60,250,4.20359281,56,8,0,27,26,4,32,4,0,62,0.259259259,0.352,0.351851851,0.3101593323839389,9059
497,2015,Joe Kelly,BOS,25,587,4.82382134,145,25,5,76,72,15,49,0,6,110,0.275142314,0.340715502,0.426944971,0.3345886129739946,9761
498,2015,Felipe Vazquez,WSN,48,180,2.95620438,33,11,0,15,15,2,11,2,1,38,0.19760479,0.25,0.299401197,0.238571679659104,12076
499,2015,Daniel Norris,DET,8,148,3.68181818,30,5,3,20,15,6,7,0,0,27,0.215827338,0.25,0.424460431,0.2861940466068886,13475
500,2015,Santiago Casilla,SFG,67,244,2.79310345,51,4,3,19,18,6,23,2,2,62,0.236111111,0.314049586,0.36574074,0.2980443174640337,2873
501,2015,Cesar Ramos,LAA,65,221,2.75159236,55,8,0,17,16,2,15,0,3,43,0.279187817,0.334862385,0.350253807,0.304013130588269,3357
502,2015,Shane Robinson,MIN,1,4,0.0,0,0,0,0,0,0,1,0,0,1,0.0,0.25,0.0,0.1717107594013214,4249
503,2015,Jeanmar Gomez,PHI,64,316,3.04054054,81,15,1,28,25,4,17,4,2,49,0.27739726,0.317460317,0.376712328,0.2983758280898214,9033
504,2015,A.J. Achter,MIN,11,53,6.56756757,10,0,0,9,9,4,6,1,0,14,0.212765957,0.301886792,0.468085106,0.3265449106693268,11387
505,2015,Jake Brigham,ATL,12,84,8.64,28,9,0,16,16,1,8,1,1,12,0.383561643,0.44047619,0.547945205,0.4187059021857847,2851
506,2015,Brandon Maurer,SDP,53,206,3.0,39,8,0,19,17,3,15,1,1,39,0.208556149,0.268292682,0.29946524,0.2511914100717096,4878
507,2015,Dale Thayer,SDP,38,158,4.0619469,37,9,0,17,17,5,15,4,0,25,0.262411347,0.331210191,0.432624113,0.3231838435129402,5032
508,2015,Phil Hughes,MIN,27,651,4.40343348,184,40,2,76,76,29,16,0,2,94,0.292527821,0.31076923,0.500794912,0.3466023758741525,7450
509,2015,Bobby Parnell,NYM,30,112,6.46478873,30,4,0,20,17,0,17,1,0,13,0.322580645,0.423423423,0.365591397,0.3537817348133434,9926
510,2015,Shelby Miller,ATL,33,858,3.02926829,183,41,5,82,69,13,73,8,5,171,0.23828125,0.307058823,0.35546875,0.2895301501852882,10197
511,2015,David Holmberg,CIN,6,136,7.62352941,36,3,0,24,24,10,16,0,2,15,0.321428571,0.409090909,0.616071428,0.4326246362743955,7725
512,2015,Matthew Boyd,DET,11,216,6.57236842,56,9,4,39,37,12,19,0,1,36,0.29015544,0.353488372,0.564766839,0.3885597381480904,15440
513,2015,Zack Greinke,LAD,32,843,1.65718563,148,22,3,43,41,14,40,1,5,200,0.187341772,0.230585424,0.275949367,0.2245477497149882,1943
514,2015,Odrisamer Despaigne,SDP,34,547,5.80106101,142,26,5,82,81,17,32,3,9,69,0.286868686,0.339517625,0.462626262,0.3450055259154804,16017
515,2015,Matt Albers,CHW,30,149,1.20535714,31,4,0,6,5,3,9,2,1,28,0.227941176,0.275167785,0.323529411,0.2577331216156888,4300
516,2015,Michael Blazek,MIL,43,206,2.66447368,38,7,0,17,15,3,18,1,1,44,0.206521739,0.27804878,0.29347826,0.2551338541157105,9654
517,2015,Gerrit Cole,PIT,32,832,2.59615385,183,31,5,71,60,11,44,1,10,202,0.239215686,0.287272727,0.335947712,0.2744430624744267,13125
518,2015,Shawn Armstrong,CLE,8,30,2.25,5,2,0,2,2,1,2,0,0,11,0.178571428,0.233333333,0.357142857,0.2571056365966797,12857
519,2015,Brad Mills,OAK,1,23,5.4,7,1,0,3,3,1,1,0,1,1,0.333333333,0.391304347,0.523809523,0.3969851032547328,4420
520,2015,John Lamb,CIN,10,220,5.79865772,58,14,0,32,32,8,19,0,2,58,0.295918367,0.362385321,0.489795918,0.3683765065779379,8493
521,2015,Ken Roberts,COL,9,43,5.78571429,13,4,0,6,6,0,2,0,1,5,0.333333333,0.372093023,0.435897435,0.349867747273556,10938
522,2015,Joe Beimel,SEA,53,196,3.99295775,49,6,0,25,21,8,16,3,1,22,0.283236994,0.341968911,0.456647398,0.33966264128685,979
523,2015,Jesus Sucre,SEA,2,11,13.5,6,1,0,3,3,1,0,0,0,0,0.545454545,0.545454545,0.909090909,0.6222600178285078,5942
524,2015,Craig Kimbrel,SDP,61,239,2.57865169,40,6,1,19,17,6,22,1,1,87,0.185185185,0.263598326,0.305555555,0.2539816781753251,6655
525,2015,Luke Hochevar,KCR,49,214,3.73026316,49,10,2,23,21,7,16,0,1,49,0.25,0.308411214,0.428571428,0.3193478726338003,6943
526,2015,Alex Wilson,DET,59,273,2.18571429,61,6,2,19,17,5,11,1,2,38,0.23828125,0.27306273,0.3359375,0.2653210202852885,9239
527,2015,Jason Garcia,BAL,21,132,4.24719101,25,9,0,19,14,3,17,1,2,22,0.223214285,0.333333333,0.383928571,0.3158685251046683,12143
528,2015,Corey Knebel,MIL,47,206,3.26174497,43,14,1,18,18,8,17,1,2,57,0.229946524,0.300970873,0.443850267,0.3207148307707251,15010
529,2015,Jeremy Hellickson,ARI,27,604,4.68433735,144,39,4,76,72,21,40,3,6,116,0.263736263,0.318257956,0.465201465,0.3348994995608474,4371
530,2015,David Aardsma,ATL,33,129,4.69565217,25,7,0,17,16,6,14,3,1,35,0.223214285,0.3125,0.446428571,0.3202315936088562,1902
531,2015,Jeurys Familia,NYM,75,304,1.87012987,58,8,1,16,16,6,19,1,2,85,0.206405693,0.260726072,0.306049822,0.2506985538053197,5114
532,2015,Dylan Axelrod,CIN,6,59,7.2972973,11,1,0,13,10,5,8,2,0,12,0.22,0.327586206,0.54,0.3590699881315231,9303
533,2015,Kris Medlen,KCR,15,206,4.01351351,50,8,2,25,22,5,14,0,1,32,0.263157894,0.31553398,0.405263157,0.3142123705553777,9417
534,2015,Tyler Cravy,MIL,13,185,5.75409836,46,9,4,29,26,5,21,1,2,33,0.2875,0.37704918,0.4875,0.3727790418561998,10770
535,2015,Mark Buehrle,TOR,32,827,3.80536913,214,46,6,100,84,22,33,4,7,91,0.278645833,0.310893512,0.440104166,0.3210955140482162,225
536,2015,Junichi Tazawa,BOS,61,247,4.14204545,65,10,5,28,27,5,13,1,1,56,0.280172413,0.319838056,0.431034482,0.3229973967966995,4079
537,2015,James Russell,CHC,48,145,5.45454545,41,14,1,24,20,3,9,2,0,19,0.305970149,0.347222222,0.492537313,0.3552443141668615,4089
538,2015,Chris Denorfia,CHC,1,1,0.0,0,0,0,0,0,0,0,0,0,0,0.0,0.0,0.0,0.0,4400
539,2015,Peter Moylan,ATL,22,44,3.48387097,12,1,0,5,4,1,0,0,0,8,0.272727272,0.272727272,0.363636363,0.2756773477250879,4891
540,2015,Luis Garcia,PHI,70,292,3.09375,70,13,2,24,22,3,35,8,0,60,0.276679841,0.362068965,0.37944664,0.319373571280892,6984
541,2015,Wily Peralta,MIL,20,478,4.7208589,130,30,3,60,57,14,37,2,4,60,0.302325581,0.360759493,0.48372093,0.3631465263285879,7738
542,2015,Jake Peavy,SFG,18,429,3.66246057,95,18,6,44,43,11,24,1,2,76,0.238693467,0.284705882,0.396984924,0.2947623195513239,1051
543,2015,Chris Capuano,NYY,22,196,7.96721311,52,13,0,38,36,6,22,1,3,38,0.309523809,0.396907216,0.494047619,0.3853293481268413,1701
544,2015,Cesar Jimenez,PHI,3,10,0.0,1,0,0,0,0,0,0,0,0,4,0.1,0.1,0.1,0.0880823850631713,3762
545,2015,Collin McHugh,HOU,32,859,3.88870704,207,39,2,89,88,19,53,2,9,171,0.262690355,0.31498829,0.389593908,0.307977418314683,7531
546,2015,Tyler Duffey,MIN,10,239,3.15789474,56,12,2,20,20,4,20,0,0,51,0.259259259,0.322033898,0.388888888,0.3124276935043981,13758
547,2015,Hector Santiago,LAA,33,755,3.64448669,152,35,3,79,71,29,69,4,10,155,0.226865671,0.307180851,0.417910447,0.3146278711563763,4026
548,2015,Brett Anderson,LAD,31,750,3.69316081,194,26,3,82,74,18,46,2,2,116,0.278335724,0.323962516,0.401721664,0.3164554477538038,8223
549,2015,Drew Smyly,TBR,12,275,3.105,58,13,0,24,23,11,20,0,1,77,0.23015873,0.288321167,0.412698412,0.304572101274546,11760
550,2015,Jerad Eickhoff,PHI,8,203,2.64705882,40,7,3,16,15,5,13,0,0,49,0.211640211,0.261083743,0.359788359,0.2702090569904872,12664
551,2015,Jonathon Niese,NYM,31,764,4.16571429,190,33,3,93,81,20,54,2,9,113,0.279001468,0.338235294,0.424375917,0.3321109076127929,4424
552,2015,Carlos Torres,NYM,58,240,4.76470588,61,12,2,32,30,5,18,6,0,47,0.279816513,0.330543933,0.422018348,0.316853137486994,7624
553,2015,Dan Jennings,CHW,53,243,4.01785714,55,8,0,28,25,3,24,6,0,46,0.257009345,0.330543933,0.336448598,0.2891221936680216,8073
554,2015,Keith Hessler,ARI,18,54,8.73529412,16,3,1,11,11,4,4,1,0,12,0.32,0.37037037,0.66,0.4288920973831752,12220
555,2015,Chris Narveson,MIA,15,121,4.45054945,24,4,0,15,15,7,9,0,0,32,0.214285714,0.272727272,0.4375,0.306730903869818,2141
556,2015,Edinson Volquez,KCR,34,832,3.52971138,185,36,4,87,77,15,70,1,8,153,0.249326145,0.318016928,0.369272237,0.3029372347180549,3990
557,2015,Jason Motte,CHC,56,200,3.8028169,46,9,2,20,20,4,10,5,2,34,0.25136612,0.294416243,0.387978142,0.2861040215939283,5861
558,2015,Simon Castro,COL,11,47,6.0967742,11,3,0,7,7,0,5,0,1,9,0.282051282,0.377777777,0.358974358,0.3326166192690531,9243
559,2015,Jeremy Jeffress,MIL,70,281,2.27227723,61,9,1,19,17,5,22,5,3,67,0.241106719,0.309352517,0.343873517,0.2841600670919313,9490
560,2015,Chasen Shreve,NYY,59,251,3.08571429,49,4,2,21,20,10,33,2,1,64,0.227906976,0.333333333,0.404651162,0.323659196315024,10855
561,2015,Colin Rea,SDP,6,133,4.26315789,29,9,1,16,15,2,11,0,1,26,0.245762711,0.31060606,0.389830508,0.3051409473021825,12317
562,2015,Lance McCullers Jr.,HOU,22,520,3.22281167,106,26,4,49,45,10,43,2,5,129,0.226012793,0.296153846,0.362473347,0.2887611137163685,14120
563,2015,Kendall Graveman,OAK,21,502,4.04610951,126,22,0,57,52,15,38,0,5,77,0.276315789,0.337325349,0.423245614,0.3327372758212442,15514
564,2015,Neftali Feliz,DET,30,121,7.62352941,33,4,4,24,24,3,9,3,1,23,0.302752293,0.358333333,0.495412844,0.3573928933877211,18
565,2015,Jhoulys Chacin,ARI,5,111,3.375,24,4,1,11,10,4,10,0,0,21,0.24,0.309090909,0.42,0.3178292718800631,2608
566,2015,Tony Watson,PIT,76,288,1.93721973,53,7,0,17,16,3,17,1,4,61,0.201520912,0.257839721,0.262357414,0.2333119294860146,3132
567,2015,Mark Melancon,PIT,78,293,2.23043478,57,9,1,22,19,4,14,2,2,62,0.207272727,0.25,0.29090909,0.2369503000686908,4264
568,2015,Scott Feldman,HOU,18,451,3.90461538,115,17,3,49,47,13,27,1,0,61,0.275119617,0.315555555,0.423444976,0.3186490355196402,6283
569,2015,Collin Balester,CIN,15,77,7.4680851,17,4,1,13,13,3,13,0,1,13,0.274193548,0.402597402,0.516129032,0.3946706745531652,6883
570,2015,Danny Duffy,KCR,29,579,4.07673267,133,17,5,63,61,15,53,0,9,100,0.26129666,0.338541666,0.402750491,0.3259232972438137,3542
571,2015,Enny Romero,TBR,23,140,5.1,39,7,2,18,17,1,13,0,0,31,0.312,0.374100719,0.424,0.3490675130336405,4001
572,2015,Jake Arrieta,CHC,32,849,1.8161435,148,32,4,52,45,10,48,2,6,229,0.187341772,0.239053254,0.275949367,0.2289180120680821,4153
573,2015,Brendan Ryan,NYY,1,8,0.0,2,0,0,0,0,0,0,0,0,0,0.25,0.25,0.25,0.2202059626579284,6073
574,2015,Addison Reed,ARI,37,174,3.40336134,44,11,4,15,15,1,13,5,0,33,0.275,0.329479768,0.4125,0.3120165034419014,10586
575,2015,Tommy Kahnle,COL,36,155,4.86,31,9,0,22,18,3,28,1,0,39,0.25,0.383116883,0.39516129,0.3449851812100878,11384
576,2015,John Lackey,STL,33,896,2.76605505,211,32,2,71,67,21,53,5,4,175,0.256067961,0.302824858,0.376213592,0.2954655560580166,1507
577,2015,Will Harris,HOU,68,274,1.91037736,41,3,1,18,15,8,22,1,1,67,0.16532258,0.235294117,0.282258064,0.230889535258177,3192
578,2015,Zach Putnam,CHW,47,203,3.82978723,38,5,1,22,20,6,24,5,4,62,0.22754491,0.331658291,0.377245508,0.3045940712555167,9080
579,2015,Burke Badenhop,CIN,68,285,3.93467337,71,13,2,30,29,4,20,4,0,36,0.273076923,0.32155477,0.384615384,0.3031303510870984,9736
580,2015,Drew Rucinski,LAA,4,35,7.71428571,10,2,0,6,6,1,6,0,1,4,0.357142857,0.485714285,0.535714285,0.4452225940568106,12499
581,2015,Cam Bedrosian,LAA,34,156,5.4,40,7,1,21,20,3,19,2,2,34,0.303030303,0.393548387,0.439393939,0.3610485815534405,13360
582,2015,Aaron Harang,PHI,29,744,4.88521401,189,31,11,100,93,26,50,3,6,108,0.278761061,0.332880434,0.471976401,0.3456316865970461,1451
583,2015,Hansel Robles,NYM,56,213,3.56603774,36,12,2,26,21,7,18,1,2,58,0.188481675,0.264150943,0.382198952,0.279836973307822,11801
584,2015,Jonny Gomes,ATL,1,6,18.0,3,2,0,2,2,1,0,0,0,1,0.6,0.5,1.6,0.7629725535710653,1845
585,2015,Greg Holland,KCR,46,187,4.0078125,39,8,2,20,19,2,26,1,0,47,0.248407643,0.353260869,0.363057324,0.3187017369140041,7196
586,2015,Hisashi Iwakuma,SEA,20,503,3.57142857,115,23,1,52,50,17,21,1,1,109,0.242616033,0.274549098,0.402953586,0.2916352474785234,13048
587,2015,Jesse Chavez,OAK,30,668,4.21153846,163,31,1,78,73,18,48,2,2,134,0.268092105,0.320783132,0.41118421,0.3176404700538543,5448
588,2015,Nate Karns,TBR,27,621,3.67346939,132,21,2,62,60,19,56,1,5,145,0.23869801,0.312297734,0.386980108,0.307053131937401,12638
589,2015,Alec Asher,PHI,7,135,9.10465116,40,9,1,29,29,8,10,0,1,16,0.330578512,0.383458646,0.61983471,0.4239672695783744,13560
590,2015,Andrew Faulkner,TEX,11,40,2.79310345,8,1,0,3,3,2,3,1,0,10,0.216216216,0.275,0.405405405,0.286273445838537,12982
591,2015,Michael Lorenzen,CIN,27,501,5.53012048,128,34,3,70,68,18,54,6,6,81,0.292237442,0.376753507,0.506849315,0.377785803580139,14843
592,2015,Jeremy Guthrie,KCR,30,664,5.94606742,186,30,3,101,98,29,44,1,9,84,0.31,0.362670713,0.515,0.3762670942896405,2072
593,2015,Erik Cordier,MIA,8,56,5.83783784,13,2,0,8,8,1,6,1,1,7,0.270833333,0.357142857,0.375,0.3188803510232405,4086
594,2015,Mitch Harris,STL,26,122,3.66666667,30,1,0,14,11,4,13,0,0,15,0.277777777,0.3553719,0.398148148,0.3344380441775992,4530
595,2015,Ryan Kelly,ATL,17,74,7.02,21,3,0,14,13,5,6,0,0,10,0.313432835,0.369863013,0.582089552,0.406397961590388,4858
596,2015,Yohan Flande,COL,19,296,4.74146341,73,16,3,36,36,14,25,3,1,43,0.276515151,0.340206185,0.518939393,0.3640923510409063,5057
597,2015,Michael Pineda,NYY,27,657,4.43368421,173,36,5,83,78,21,20,0,3,154,0.277243589,0.300153139,0.451923076,0.3219456058366375,5372
598,2015,Gonzalez Germen,COL,29,147,3.85714286,33,6,1,14,14,4,21,1,0,25,0.261904761,0.367346938,0.42063492,0.3459449198148022,5876
599,2015,Wesley Wright,LAA,9,24,3.17647059,4,0,0,3,2,1,3,1,0,5,0.2,0.291666666,0.35,0.2644109518631645,5960
600,2015,Blaine Hardy,DET,69,257,3.03370787,60,16,3,22,20,2,21,2,1,54,0.263157894,0.322834645,0.385964912,0.306086162489558,6499
601,2015,Matt Reynolds,ARI,16,58,4.97368421,14,0,0,7,7,6,6,1,1,15,0.274509803,0.362068965,0.62745098,0.4138719627731724,8887
602,2015,Jared Hughes,PIT,76,284,2.28358209,70,10,2,21,17,3,19,2,7,36,0.282258064,0.345323741,0.375,0.3155633649532345,9325
603,2015,Chris Sale,CHW,31,832,3.46381579,181,31,3,87,78,22,41,0,13,267,0.234152652,0.28313253,0.367399741,0.2852561658405396,10603
604,2015,Silvino Bracho,ARI,12,42,1.63636364,7,2,0,2,2,2,2,1,1,15,0.179487179,0.238095238,0.384615384,0.26074571871176,15051
605,2015,Marco Gonzales,STL,1,16,13.49999998,7,1,0,4,4,1,1,0,0,1,0.5,0.5,0.785714285,0.5257829427719116,15467
606,2015,Miguel Castro,COL,5,26,10.12500001,6,2,1,6,6,2,4,0,0,6,0.272727272,0.384615384,0.727272727,0.4563653148137606,15684
607,2015,Brad Brach,BAL,62,324,2.72268908,57,15,0,25,24,7,38,3,0,89,0.202846975,0.295950155,0.330960854,0.2772624492645263,6627
608,2015,Guido Knudson,DET,4,31,18.0,13,2,1,10,10,5,3,1,0,6,0.464285714,0.516129032,1.142857142,0.673699676990509,12669
609,2015,Frankie Montas,CHW,7,66,4.8,14,3,0,8,8,1,9,1,0,20,0.245614035,0.348484848,0.350877192,0.3098013639450073,14309
610,2015,Sammy Solis,WSN,17,90,3.54098361,24,3,0,11,8,2,4,2,1,16,0.292682926,0.325842696,0.402439024,0.3072053981923509,11457
611,2015,Sam Freeman,TEX,54,171,3.05217391,31,5,0,13,13,4,25,0,3,40,0.218309859,0.345029239,0.338028169,0.3113808258932236,6832
612,2015,Martin Perez,TEX,14,339,4.46186441,88,14,5,45,39,3,24,1,2,48,0.284789644,0.337278106,0.39158576,0.3178710912738426,6902
613,2015,J.P. Howell,LAD,65,190,1.44274809,47,3,0,9,7,3,14,1,2,39,0.2716763,0.331578947,0.341040462,0.2986438747436281,8245
614,2015,Edgar Olmos,SEA,6,67,4.5,16,4,0,8,7,1,8,1,1,4,0.280701754,0.373134328,0.403508771,0.3379616710272702,10174
615,2015,Chris Heston,SFG,31,746,3.95121951,169,36,6,82,78,16,64,3,13,141,0.253373313,0.330645161,0.397301349,0.3196221988210794,10302
616,2015,Michael Tonkin,MIN,25,99,3.52173913,21,1,0,9,9,4,9,2,1,19,0.238636363,0.313131313,0.386363636,0.3003779459245426,10315
617,2015,Francisco Rodriguez,MIL,60,216,2.21052632,38,6,1,15,14,6,11,1,0,62,0.189054726,0.228971962,0.31840796,0.2366788169028053,1642
618,2015,Gavin Floyd,CLE,7,55,2.7,11,2,0,4,4,0,4,0,1,7,0.22,0.29090909,0.26,0.2528265118598938,3886
619,2015,Arquimedes Caminero,PIT,73,318,3.61607143,63,13,1,31,30,7,29,2,6,73,0.224199288,0.309148264,0.352313167,0.2927964914412725,8992
620,2015,Ariel Pena,MIL,5,99,3.91304348,19,7,1,10,10,1,12,1,1,21,0.228915662,0.329896907,0.373493975,0.3076562788337469,10240
621,2015,Ryan Madson,KCR,68,248,2.13157895,47,11,0,17,15,5,14,1,2,58,0.205240174,0.254032258,0.318777292,0.250268042811498,1852
622,2015,Steve Johnson,BAL,6,29,10.12500001,8,3,0,6,6,2,5,0,0,3,0.333333333,0.448275862,0.708333333,0.4819340294805066,4053
623,2015,Sam LeCure,CIN,19,83,3.15,16,5,1,9,7,2,7,0,0,15,0.216216216,0.280487804,0.391891891,0.2909829979989586,4664
624,2015,Sugar Ray Marimon,ATL,16,117,7.36363636,30,7,4,21,21,3,14,0,0,14,0.3,0.379310344,0.54,0.3885814742795352,6027
625,2015,Oliver Drake,BAL,13,72,2.87234042,16,3,0,7,5,1,9,0,0,17,0.262295081,0.347222222,0.360655737,0.3136886027124193,8823
626,2015,Chaz Roe,BAL,36,177,4.13709677,44,12,1,19,19,4,17,2,1,38,0.280254777,0.352272727,0.445859872,0.3432966426186178,9866
627,2015,Jimmy Nelson,MIL,30,752,4.11090226,163,32,2,89,81,18,65,4,13,148,0.245852187,0.322192513,0.381598793,0.3085603029016525,10547
628,2015,Addison Reed,NYM,15,54,0.0,10,1,0,0,0,0,4,1,0,15,0.2,0.259259259,0.22,0.212154986723414,10586
629,2015,Kyle Hendricks,CHC,32,739,3.95,166,36,3,82,79,17,43,1,8,167,0.243759177,0.296448087,0.380323054,0.296308252782078,12049
630,2015,Erik Johnson,CHW,6,151,3.34285714,32,6,0,14,13,8,17,0,1,30,0.248062015,0.333333333,0.480620155,0.3487284568945566,12520
631,2015,Frank Garces,SDP,40,173,5.21052632,41,5,0,23,22,9,22,1,1,30,0.280821917,0.374269005,0.5,0.3752534063423381,13144
632,2015,Joba Chamberlain,KCR,6,27,7.94117647,6,2,0,5,5,1,4,0,0,8,0.260869565,0.37037037,0.478260869,0.3691732971756546,2692
633,2015,Jeff Francis,TOR,14,100,6.13636364,27,4,0,16,15,3,9,0,1,21,0.3,0.37,0.444444444,0.3573715955018997,4684
634,2015,Kyle Kendrick,COL,27,629,6.32318501,172,35,8,102,100,33,45,2,7,80,0.301754385,0.358974358,0.56491228,0.3922794410461781,6230
635,2015,Danny Farquhar,SEA,43,219,5.11764706,53,16,1,33,29,9,17,2,1,48,0.266331658,0.325688073,0.492462311,0.3476165243320995,8501
636,2015,Kevin Quackenbush,SDP,57,243,4.01142857,52,10,0,28,26,6,20,3,1,58,0.239631336,0.301652892,0.368663594,0.2889480812779031,12360
637,2015,Zach Davies,MIL,6,139,3.70588235,26,7,0,14,14,2,15,0,0,24,0.211382113,0.297101449,0.31707317,0.2768198061680448,13183
638,2015,Raudel Lazo,MIA,7,24,3.17647059,5,1,1,2,2,1,2,0,0,5,0.238095238,0.291666666,0.523809523,0.3354612986246745,14077
639,2015,Cory Rasmus,LAA,16,88,5.22580645,15,5,0,12,12,3,11,2,1,27,0.2,0.310344827,0.386666666,0.3005025884684394,2413
640,2015,Zack Britton,BAL,64,253,1.91878173,51,6,1,16,14,3,14,1,1,79,0.214285714,0.260869565,0.285714285,0.242414865938444,3240
641,2015,Kevin Siegrist,STL,80,308,2.19909502,52,14,2,20,18,4,34,2,3,89,0.196969696,0.291803278,0.31060606,0.2685050856162219,8180
642,2015,Josh Osich,SFG,34,116,1.92857143,22,3,0,11,6,4,8,0,0,26,0.207547169,0.260869565,0.349056603,0.2672790496245674,11528
643,2015,Kyle Barraclough,MIA,25,98,2.5890411,12,5,0,8,7,1,18,2,0,30,0.153846153,0.306122448,0.256410256,0.256469568858544,13713
644,2015,Aaron Nola,PHI,13,318,3.59227468,74,8,2,31,31,11,19,1,2,68,0.250847457,0.299684542,0.40338983,0.3051893850670585,16149
645,2015,Fernando Rodney,CHC,14,50,0.75,8,1,0,4,1,1,4,0,3,15,0.186046511,0.3,0.279069767,0.2701654183864593,494
646,2015,Oliver Perez,HOU,22,55,6.75,14,2,1,12,9,2,4,1,0,14,0.274509803,0.327272727,0.470588235,0.3375045546778926,1514
647,2015,Joe Wieland,LAD,2,40,8.3076923,10,3,1,8,8,2,5,1,0,4,0.294117647,0.375,0.617647058,0.4042112888433994,6109
648,2015,Bud Norris,SDP,20,72,5.4,16,3,3,11,10,1,6,0,1,21,0.246153846,0.319444444,0.43076923,0.3247670390539699,9492
649,2015,David Buchanan,PHI,15,351,6.99107143,109,25,3,60,58,12,29,1,3,44,0.346031746,0.406340057,0.558730158,0.4136868606757566,11176
650,2015,Carlos Martinez,STL,31,755,3.00556586,168,31,4,65,60,13,63,5,8,184,0.250372578,0.320375335,0.366616989,0.3015529052448659,11682
651,2015,Carson Smith,SEA,69,283,2.32535885,49,11,0,19,18,2,22,4,7,91,0.195219123,0.278571428,0.262948207,0.2429322814163954,13172
652,2015,Ervin Santana,MIN,17,442,3.57728707,98,23,2,42,42,10,34,2,4,80,0.245614035,0.310502283,0.388471177,0.3052268599698303,3200
653,2015,Fernando Salas,LAA,72,269,4.2408377,61,16,2,34,30,8,12,5,3,74,0.248979591,0.287878787,0.428571428,0.2996222188113739,4971
654,2015,Cory Gearrin,SFG,7,13,4.9090909,1,0,0,2,2,0,1,0,0,5,0.083333333,0.153846153,0.083333333,0.1205897606336153,7947
655,2015,Brett Bochy,SFG,4,12,0.0,1,0,0,0,0,0,1,0,1,3,0.1,0.25,0.1,0.1904830982287725,11867
656,2015,Colton Murray,PHI,8,37,5.86956521,11,2,0,5,5,2,2,0,0,9,0.314285714,0.351351351,0.542857142,0.3833130436974603,12264
657,2015,Matt Marksberry,ATL,31,108,5.01428572,22,7,1,16,13,2,16,2,1,21,0.247191011,0.361111111,0.415730337,0.334174281583642,15089
658,2015,Edwin Jackson,ATL,24,94,2.91891892,14,4,0,11,8,4,9,0,0,17,0.166666666,0.244680851,0.357142857,0.263327549112604,1841
659,2015,Cesar Jimenez,MIL,16,81,3.66101695,16,2,0,8,8,2,8,0,0,21,0.219178082,0.296296296,0.328767123,0.2803427172295841,3762
660,2015,Jake Diekman,TEX,26,85,2.07692308,13,2,0,5,5,2,7,0,1,20,0.168831168,0.247058823,0.272727272,0.2364303034894606,5003
661,2015,Marcos Mateo,SDP,26,113,4.0,22,2,2,16,12,5,9,1,3,33,0.222222222,0.303571428,0.434343434,0.316461286566279,6869
662,2015,Aaron Loup,TOR,58,182,4.536,46,8,2,24,21,6,6,0,6,44,0.273809523,0.322222222,0.452380952,0.3360268361038632,10343
663,2015,Luke Jackson,TEX,7,27,4.2631579,5,1,0,3,3,1,2,0,0,6,0.2,0.259259259,0.36,0.2717674970626831,11752
664,2015,Andrew Chafin,ARI,66,306,2.76,56,16,0,23,23,3,30,6,1,58,0.207407407,0.287128712,0.3,0.2561921108049977,12988
665,2015,Randy Wolf,DET,8,161,6.23076923,46,10,2,28,24,5,15,1,1,28,0.319444444,0.385093167,0.520833333,0.3872209142893553,976
666,2015,Tim Stauffer,NYM,5,27,7.94117647,8,1,0,5,5,2,2,0,1,8,0.333333333,0.407407407,0.625,0.4401035066004152,6432
667,2015,Louis Coleman,KCR,4,11,0.0,1,1,0,0,0,0,2,0,0,1,0.111111111,0.272727272,0.222222222,0.2390869639136574,9720
668,2015,Scott McGough,MIA,6,35,9.45,12,3,0,7,7,0,4,0,0,4,0.387096774,0.457142857,0.483870967,0.4126742397035871,12056
669,2015,Wei-Yin Chen,BAL,31,792,3.33972125,192,50,4,78,71,28,41,0,5,153,0.261937244,0.302414231,0.455661664,0.3248542513144516,13071
670,2015,Carl Edwards Jr.,CHC,4,16,4.5,2,1,0,3,2,0,3,0,0,3,0.153846153,0.3125,0.23076923,0.2623514682054519,13607
671,2015,Masahiro Tanaka,NYY,24,609,3.50649351,126,33,3,66,60,25,27,0,1,139,0.220665499,0.253706754,0.420315236,0.2872952956344189,15764
672,2015,Neal Cotts,MIN,17,60,3.95121951,14,3,0,8,6,3,5,0,1,9,0.264150943,0.333333333,0.490566037,0.3527271777391433,1797
673,2015,Kyle Lobstein,DET,13,280,5.93717277,78,15,3,43,42,7,23,1,0,32,0.3046875,0.360714285,0.46875,0.3579851128294476,9178
674,2015,Taijuan Walker,SEA,29,706,4.56188605,163,31,0,92,86,25,40,1,9,157,0.251543209,0.301994301,0.415123456,0.3110912212631672,11836
675,2015,Brian Ellington,MIA,23,105,2.88,17,7,0,10,8,1,13,2,2,18,0.193181818,0.304761904,0.306818181,0.2696906467085903,17233
676,2015,Joe Thatcher,HOU,43,100,3.17647059,23,3,1,8,8,1,12,0,0,26,0.273809523,0.357142857,0.369047619,0.3216859613146101,4620
677,2015,Alexei Ramirez,CHW,1,5,0.0,1,1,0,0,0,0,0,0,1,0,0.25,0.4,0.5,0.3948801636695861,5133
678,2015,Leury Garcia,CHW,1,5,0.0,1,0,0,0,0,0,0,0,1,1,0.25,0.4,0.25,0.3197908282279968,5913
679,2015,Trevor Cahill,CHC,10,57,1.72340425,7,1,0,3,3,1,4,0,1,20,0.137254901,0.214285714,0.215686274,0.1998426158513341,6249
680,2015,Josh Tomlin,CLE,10,238,3.17647059,46,10,2,22,22,13,6,0,2,52,0.2,0.226890756,0.430434782,0.2800609058692676,9388
681,2015,Liam Hendriks,TOR,58,259,2.953125,59,11,1,23,21,3,11,1,2,70,0.241803278,0.277992277,0.331967213,0.2661626805630765,3548
682,2015,Bruce Rondon,DET,34,140,5.7,30,7,0,21,19,3,18,1,2,35,0.260869565,0.364963503,0.4,0.3361679832724964,5766
683,2015,Ryan Cook,BOS,5,31,27.00000002,13,0,0,14,13,4,4,0,0,3,0.481481481,0.548387096,0.925925925,0.61083754416435,8855
684,2015,Mike Broadway,SFG,21,77,5.19230769,20,3,3,10,10,1,7,1,1,13,0.294117647,0.368421052,0.470588235,0.3587536295255025,9894
685,2015,Ken Roberts,PHI,6,22,10.38461539,9,2,0,5,5,0,1,0,0,1,0.47368421,0.476190476,0.578947368,0.4459595737003144,10938
686,2015,Cody Martin,OAK,4,49,14.0,16,3,1,14,14,4,5,0,1,3,0.38095238,0.448979591,0.785714285,0.5065938270821864,12182
687,2015,Sean Nolin,OAK,6,134,5.27586207,35,4,0,19,17,4,12,0,0,15,0.301724137,0.353383458,0.439655172,0.3406813503208017,11341
688,2015,Logan Kensing,SEA,19,64,5.86956522,12,3,0,10,10,2,7,0,0,13,0.214285714,0.296875,0.375,0.2948916926980018,6166
689,2015,Jay Jackson,SDP,6,20,6.23076924,7,2,0,3,3,0,1,0,0,4,0.368421052,0.4,0.47368421,0.3801751673221588,7432
690,2015,Adam Morgan,PHI,15,352,4.48221344,88,22,0,45,42,14,17,0,4,49,0.269113149,0.31054131,0.464831804,0.3330591577410358,12580
691,2015,Matt Cain,SFG,13,271,5.78571429,71,17,4,39,39,12,20,0,4,41,0.293388429,0.351851851,0.545454545,0.3799907732892919,4732
692,2015,Ryan Weber,ATL,5,109,4.76470588,25,4,1,15,15,3,6,0,2,19,0.247524752,0.302752293,0.396039603,0.3059308419533826,10160
693,2015,Matt Andriese,TBR,25,264,4.25543478,65,9,2,29,29,7,17,1,2,46,0.268595041,0.319391634,0.409090909,0.3159401143780191,12022
694,2015,Cody Hall,SFG,7,41,6.48,10,1,0,6,6,1,4,0,1,7,0.277777777,0.365853658,0.388888888,0.3374062936480452,12232
695,2015,CC Sabathia,NYY,29,726,4.73306773,188,22,4,92,88,28,50,3,6,137,0.285280728,0.338418862,0.458270106,0.343264180969727,404
696,2015,Carlos Contreras,CIN,22,125,4.82142857,22,8,0,16,15,3,20,0,1,19,0.213592233,0.346774193,0.378640776,0.3257266162864624,10386
697,2015,Joel Peralta,LAD,33,121,4.34482759,28,4,0,14,14,6,8,1,0,24,0.24778761,0.297520661,0.442477876,0.3173298190037409,2332
698,2015,Dan Winkler,ATL,2,8,10.79999998,2,0,0,2,2,2,1,0,0,2,0.285714285,0.375,1.142857142,0.6021789461374283,12237
699,2015,JC Ramirez,SEA,8,43,7.56,10,3,0,7,7,2,7,1,1,5,0.285714285,0.418604651,0.542857142,0.4081597115312304,8302
700,2015,Doug Fister,WSN,25,449,4.19417476,120,18,3,56,48,14,24,3,6,63,0.294840294,0.339366515,0.457002457,0.3414852388355889,9425
701,2015,Scott Alexander,KCR,4,25,4.5,5,0,0,3,3,0,3,0,1,3,0.238095238,0.36,0.238095238,0.2873111462593078,10591
702,2015,Michael Mariot,KCR,2,12,3.0,2,0,0,1,1,1,2,0,0,1,0.2,0.333333333,0.5,0.3599836826324463,10835
703,2015,Jose Quintana,CHW,32,851,3.34747145,213,47,7,80,76,16,44,4,8,174,0.269279393,0.312868949,0.407079646,0.3112991764027877,11423
704,2015,Robbie Ray,ARI,23,545,3.52480418,121,30,6,56,50,9,49,3,8,119,0.254736842,0.330855018,0.4,0.3179873542250874,11486
705,2015,Tony Zych,SEA,13,76,2.45454545,17,2,1,6,5,1,3,0,2,24,0.239436619,0.289473684,0.338028169,0.2778882588210858,12876
706,2015,Danny Coulombe,OAK,9,32,3.52173913,8,1,0,3,3,0,3,0,0,4,0.275862068,0.34375,0.310344827,0.2963302060961723,13293
707,2015,Scott Oberg,COL,64,259,5.09142857,58,14,0,35,33,10,31,2,6,44,0.266055045,0.37109375,0.467889908,0.3638424047334926,13911
708,2015,Andrew Bailey,NYY,10,41,5.19230769,9,1,0,8,5,2,5,1,0,6,0.264705882,0.341463414,0.470588235,0.3354793578386307,1368
709,2015,Josh Fields,HOU,54,209,3.55263158,39,8,3,20,20,2,19,3,1,67,0.209677419,0.285024154,0.317204301,0.2626093605569765,5070
710,2015,Miguel Socolovich,STL,28,123,1.86206897,25,4,0,7,6,1,10,1,0,26,0.225225225,0.289256198,0.288288288,0.2574036727348963,6697
711,2015,Tommy Layne,BOS,64,207,3.96503496,41,10,0,22,21,3,27,2,2,45,0.234285714,0.341463414,0.342857142,0.305561538987559,7501
712,2015,Jason Gurka,COL,9,39,9.39130434,16,6,0,8,8,1,2,0,0,7,0.432432432,0.461538461,0.675675675,0.4847184144533597,8007
713,2015,Roman Mendez,BOS,2,5,9.0,2,0,0,1,1,1,0,0,0,1,0.4,0.4,1.0,0.5892236232757568,10307
714,2015,Williams Perez,ATL,23,514,4.78285714,130,20,3,66,62,13,51,2,9,73,0.29147982,0.37181996,0.43721973,0.3529915073063144,11592
715,2015,Jairo Diaz,COL,21,78,2.36842105,16,2,0,6,5,2,6,0,0,18,0.222222222,0.282051282,0.333333333,0.2735137694921249,12774
716,2015,Marcus Stroman,TOR,4,103,1.66666667,20,2,0,5,5,2,6,0,1,18,0.208333333,0.262135922,0.291666666,0.2483058224603967,13431
717,2015,Jose Ramirez,SEA,5,32,11.57142856,9,3,2,9,6,0,6,1,2,3,0.375,0.53125,0.666666666,0.4951912241597329,10171
718,2015,Michael Wacha,STL,30,762,3.375,162,31,3,74,68,19,58,4,6,153,0.23580786,0.299734748,0.372634643,0.2938341342608134,14078
719,2015,Rich Hill,BOS,4,106,1.55172414,14,1,0,5,5,2,5,0,2,36,0.141414141,0.198113207,0.212121212,0.1881735583521285,4806
720,2015,Dan Straily,HOU,4,76,5.4,16,2,2,11,10,2,8,0,1,14,0.23880597,0.328947368,0.417910447,0.3270077352461062,9460
721,2015,Rex Brothers,COL,17,46,1.74193548,9,1,2,2,2,0,8,0,0,5,0.243243243,0.369565217,0.378378378,0.3309631114420683,9794
722,2015,Rafael Martin,WSN,12,55,5.25,12,2,0,9,7,4,5,0,1,24,0.25,0.327272727,0.541666666,0.367472849108956,10258
723,2015,C.J. Riefenhauser,TBR,17,62,5.52272727,15,3,0,10,9,3,7,0,0,7,0.283018867,0.360655737,0.509433962,0.3721313163882396,11193
724,2015,Barry Zito,OAK,3,37,10.28571429,12,2,0,8,8,4,6,0,0,2,0.387096774,0.486486486,0.838709677,0.5453978229213405,944
725,2015,Blaine Boyer,MIN,67,258,2.61290323,60,13,2,24,18,5,18,4,0,32,0.255319148,0.305882352,0.391489361,0.2975899997460414,2237
726,2015,Brett Cecil,TOR,63,214,2.5,39,6,2,17,15,4,13,3,2,70,0.196969696,0.253521126,0.308080808,0.2432099064191182,2660
727,2015,Felix Hernandez,SEA,31,826,3.52561983,180,27,5,80,79,23,58,0,9,191,0.24,0.300852618,0.381333333,0.299384878773637,4772
728,2015,Jaime Garcia,STL,20,510,2.42930591,106,17,0,37,35,6,30,0,3,97,0.225053078,0.274161735,0.299363057,0.2556537005322924,8137
729,2015,Robbie Erlin,SDP,3,65,4.76470588,16,2,1,9,9,1,2,0,1,10,0.258064516,0.292307692,0.370967741,0.2897493921793424,10354
730,2015,Andrew Bellatti,TBR,17,95,2.31428571,16,2,1,7,6,4,10,0,1,18,0.197530864,0.29032258,0.395061728,0.2998050111596302,10657
731,2015,Matt Harvey,NYM,29,739,2.78300181,154,26,3,62,57,18,37,2,5,181,0.224163027,0.268125854,0.349344978,0.2695461702117868,11713
732,2015,Yimi Garcia,LAD,59,225,3.33529412,44,5,0,23,21,8,10,1,2,68,0.208530805,0.248888888,0.345971563,0.2577102413134916,12095
733,2015,Adrian Houser,MIL,1,5,0.0,1,0,0,0,0,0,1,0,0,0,0.25,0.4,0.25,0.3135333776473999,12718
734,2015,Matt Barnes,BOS,32,199,5.44186047,56,10,0,28,26,9,15,0,2,39,0.311111111,0.370558375,0.516666666,0.3831458999420786,12863
735,2015,Mike Morin,LAA,47,151,6.36792453,36,8,1,28,25,3,9,2,2,41,0.264705882,0.315436241,0.404411764,0.3076473052809838,13442
736,2015,Arnold Leon,OAK,19,115,4.3875,30,6,0,14,13,3,9,3,0,19,0.291262135,0.342105263,0.436893203,0.3274942797583502,5595
737,2015,Casey Janssen,WSN,47,163,5.12068965,38,9,2,22,22,5,8,3,1,26,0.253333333,0.29375,0.44,0.3079727481884561,7355
738,2015,Giovanni Soto,CLE,6,13,0.0,3,0,0,0,0,0,0,0,0,0,0.23076923,0.23076923,0.23076923,0.2032670424534724,10330
739,2015,Trevor Rosenthal,STL,68,287,2.09708738,62,4,3,16,16,3,25,3,1,83,0.238461538,0.307692307,0.311538461,0.2743286220850456,10745
740,2015,Kyle Ryan,DET,16,237,4.47337278,60,7,1,29,28,9,20,0,1,30,0.28169014,0.344680851,0.450704225,0.3459835374608953,11753
741,2015,Seth Maness,STL,76,270,4.26315789,77,14,0,35,30,7,13,4,1,46,0.306772908,0.342105263,0.446215139,0.3369110706653304,12235
742,2015,Jose A. Valdez,DET,7,39,4.0,10,1,1,4,4,2,4,0,0,4,0.285714285,0.358974358,0.542857142,0.3849576130891458,14470
743,2015,Lance Lynn,STL,30,725,3.13582677,168,32,4,66,59,13,64,5,5,158,0.260465116,0.331005586,0.382945736,0.3127406492682617,2520
744,2015,Zach McAllister,CLE,61,299,3.0,70,8,2,28,23,7,23,4,3,84,0.258302583,0.322147651,0.3800738,0.304706265123523,2895
745,2015,Darren O'Day,BAL,68,257,1.51530612,47,5,0,13,11,5,14,1,5,82,0.198312236,0.256809338,0.282700421,0.2410856147762388,3321
746,2015,Caleb Cotham,NYY,12,45,6.51724138,14,2,0,7,7,4,1,0,0,11,0.325581395,0.34090909,0.65116279,0.4206170900301499,10075
747,2015,Tanner Scheppers,TEX,42,176,5.63478261,37,8,0,25,24,6,23,3,2,32,0.25,0.352272727,0.425675675,0.3345317902592565,10267
748,2015,Nick Martinez,TEX,24,558,3.96,135,27,6,66,55,16,46,2,13,77,0.273833671,0.348294434,0.450304259,0.3456516876950994,12730
749,2015,James Pazos,NYY,11,21,0.0,3,0,0,0,0,0,3,0,0,3,0.176470588,0.3,0.176470588,0.2351500332355499,13323
750,2015,Miguel Almonte,KCR,9,41,6.23076923,7,0,0,6,6,4,7,0,1,10,0.212121212,0.365853658,0.575757575,0.4007239065519193,14139
751,2015,Nick Rumbelow,NYY,17,68,4.02127659,16,2,1,8,7,2,5,1,0,15,0.253968253,0.308823529,0.412698412,0.3085632342011181,14867
752,2015,Trevor Gott,LAA,48,202,3.02097902,43,3,2,18,16,2,16,3,3,27,0.241573033,0.31,0.314606741,0.2735063669645242,15046
753,2015,Brandon Finnegan,CIN,6,98,4.18309859,21,4,1,11,11,5,8,0,0,24,0.238636363,0.302083333,0.477272727,0.3346826322376728,16208
754,2015,Pat Venditte,OAK,26,119,4.39534884,22,10,0,14,14,3,12,0,0,23,0.209523809,0.288135593,0.39047619,0.2960010100219209,7108
755,2015,Shawn Kelley,SDP,53,205,2.45454545,41,3,2,18,14,4,15,4,0,63,0.220430107,0.273170731,0.322580645,0.253532191414145,7773
756,2015,Ken Giles,PHI,67,283,1.6039604,55,8,1,21,12,2,22,2,1,84,0.214007782,0.276595744,0.276264591,0.2463791636484009,12910
757,2015,Jorge Lopez,MIL,2,46,5.4,14,1,1,6,6,0,5,0,1,10,0.35,0.434782608,0.425,0.3820146698018778,14527
758,2015,R.A. Dickey,TOR,33,874,3.95433071,195,37,8,97,93,25,59,1,11,121,0.246835443,0.30424799,0.408860759,0.3088586869596065,1245
759,2015,Adam Loewen,PHI,20,93,6.98275862,20,2,1,15,15,3,17,1,3,22,0.28169014,0.434782608,0.464788732,0.3931649432077512,2134
760,2015,Brian Duensing,MIN,55,209,4.25342466,46,9,1,24,23,5,21,4,4,24,0.254143646,0.342995169,0.397790055,0.3205983785572898,4064
761,2015,Carlos Villanueva,STL,35,250,2.95081967,50,14,2,21,20,6,21,2,2,55,0.223214285,0.29317269,0.383928571,0.2927823655518443,4138
762,2015,Charlie Morton,PIT,23,563,4.81395349,137,33,4,77,69,13,41,6,12,96,0.270750988,0.339892665,0.428853754,0.3326784594365097,4676
763,2015,Jon Lester,CHC,32,828,3.33658537,183,42,6,83,76,16,47,0,7,207,0.239528795,0.288321167,0.373036649,0.2889290499136105,4930
764,2015,C.C. Lee,CLE,2,10,5.39999999,4,1,0,1,1,0,1,0,0,3,0.444444444,0.5,0.555555555,0.4585585117340088,5177
765,2015,Vance Worley,PIT,23,310,4.01860465,81,20,0,36,32,6,21,3,2,49,0.287234042,0.338762214,0.421985815,0.3281642210326697,6435
766,2015,Austin Adams,CLE,28,149,3.78,37,10,2,15,14,2,13,0,0,23,0.276119402,0.340136054,0.425373134,0.3338064425656584,7411
767,2015,Christian Friedrich,COL,68,270,5.24571429,75,11,1,37,34,5,25,2,1,45,0.32051282,0.379699248,0.44017094,0.353571678878683,7942
768,2015,Wade Miley,BOS,32,818,4.48426573,198,50,6,97,95,17,63,0,4,145,0.265415549,0.325153374,0.41689008,0.3236014458299414,8779
769,2015,Chad Bettis,COL,20,502,4.22608696,120,37,3,56,54,11,42,2,3,98,0.267857142,0.333333333,0.4375,0.3334436558081218,10587
770,2015,Jeff Ferrell,DET,9,50,6.35294118,12,2,0,8,8,3,4,0,0,6,0.266666666,0.32,0.511111111,0.3524312591552734,11506
771,2015,Steve Delabar,TOR,31,129,5.21590909,28,9,0,19,17,5,14,1,1,30,0.25,0.3359375,0.464285714,0.3433978721851439,11827
772,2015,Cody Anderson,CLE,15,365,3.05474453,77,14,2,32,31,9,24,1,1,44,0.230538922,0.281767955,0.365269461,0.281667981616678,12799
773,2015,Ryan Dull,OAK,13,66,4.23529412,12,2,0,8,8,4,6,1,0,16,0.20338983,0.272727272,0.440677966,0.2998904063151433,13974
774,2015,Jean Machi,BOS,26,98,5.08695652,21,6,0,14,13,5,8,0,0,20,0.235955056,0.295918367,0.471910112,0.3282354826829871,3220
775,2015,Boone Logan,COL,60,168,4.33018868,40,6,0,17,17,3,17,1,5,44,0.279720279,0.371257485,0.384615384,0.3350553336631821,5525
776,2015,John Danks,CHW,30,728,4.50884086,180,44,4,96,85,24,53,1,3,120,0.272314674,0.326869806,0.459909228,0.3387224142660546,6329
777,2015,Stephen Strasburg,WSN,23,523,3.46335079,115,18,4,56,49,14,26,0,3,155,0.235655737,0.277992277,0.375,0.2847511074487767,10131
778,2015,Bryan Morris,MIA,67,277,3.14285714,67,10,2,26,22,3,26,0,3,47,0.274590163,0.351648351,0.368852459,0.3214728327897879,10234
779,2015,Trevor Bauer,CLE,31,739,4.58587786,152,29,4,90,89,23,78,1,5,168,0.233486943,0.319727891,0.396313364,0.3151865923924407,12703
780,2015,Dario Alvarez,NYM,6,19,12.27272726,5,0,0,5,5,2,1,0,2,2,0.333333333,0.444444444,0.733333333,0.4942313167783949,14239
781,2015,Jumbo Diaz,CIN,61,255,4.2,58,12,2,29,28,9,18,3,3,70,0.253275109,0.313492063,0.441048034,0.3218357876601468,3397
782,2015,Enrique Burgos,ARI,30,121,4.66666667,27,5,0,15,14,2,15,0,0,39,0.257142857,0.347107438,0.361904761,0.3167856508050083,3895
783,2015,Casey Kelly,SDP,3,56,7.94117647,19,4,0,13,10,1,3,0,1,7,0.365384615,0.410714285,0.5,0.3964387444513185,9174
784,2015,Danny Burawa,ATL,12,48,3.64864865,8,1,0,5,5,1,4,0,1,10,0.195121951,0.270833333,0.292682926,0.2515002153813839,11397
785,2015,A.J. Schugel,ARI,5,51,5.0,17,4,0,13,5,2,5,2,0,5,0.369565217,0.431372549,0.586956521,0.4266380022983161,11432
786,2015,Michael Feliz,HOU,5,38,7.875,9,2,0,7,7,2,4,0,1,7,0.272727272,0.368421052,0.515151515,0.381914507401617,11903
787,2015,Marco Estrada,TOR,34,725,3.13259669,134,24,5,67,63,24,55,2,5,131,0.203338391,0.26869806,0.364188163,0.2764284477465683,1118
788,2015,Mat Latos,LAA,2,16,4.9090909,4,0,0,2,2,2,1,0,0,3,0.266666666,0.3125,0.666666666,0.4111924543976784,3815
789,2015,Nate Jones,CHW,19,72,3.31578947,12,1,0,7,7,5,6,0,0,27,0.1875,0.257142857,0.4375,0.2998391883713858,4696
790,2015,Jo-Jo Reyes,LAA,1,1,0.0,0,0,0,0,0,0,0,0,0,0,0.0,0.0,0.0,0.0,5559
791,2015,Wade Davis,KCR,68,247,0.94974874,32,9,2,8,7,3,20,1,0,76,0.142222222,0.210526315,0.24,0.2016077632826518,7441
792,2015,Ross Ohlendorf,TEX,21,85,3.72413793,21,1,1,8,8,4,7,2,0,19,0.272727272,0.329411764,0.467532467,0.3344360618706209,8268
793,2015,Tom Wilhelmsen,SEA,53,267,3.0483871,56,12,3,23,21,3,29,3,2,60,0.245614035,0.332061068,0.364035087,0.3043209760805815,9975
794,2015,Yordano Ventura,KCR,28,693,4.07755102,154,27,6,75,74,14,58,1,9,156,0.247987117,0.319364161,0.3784219,0.3071777674810241,11855
795,2015,Nefi Ogando,PHI,4,21,9.0,7,0,1,5,4,0,2,0,0,2,0.368421052,0.428571428,0.47368421,0.3929905607586815,12253
796,2015,Nick Goody,NYY,7,26,4.76470588,6,3,0,3,3,0,3,0,1,3,0.272727272,0.384615384,0.409090909,0.3534593284130096,13685
797,2015,Tyler Wagner,MIL,2,46,5.4,13,4,1,6,6,0,6,0,0,3,0.333333333,0.422222222,0.487179487,0.3952645275327894,13796
798,2015,Chi Chi Gonzalez,TEX,14,280,3.89552239,49,11,1,33,29,6,32,1,3,30,0.202479338,0.301075268,0.330578512,0.2825790590090717,14663
799,2015,Scott Carroll,CHW,18,152,3.31132076,37,9,1,17,13,2,11,2,3,25,0.274074074,0.337748344,0.4,0.3180387272130723,888
800,2015,Ichiro Suzuki,MIA,1,5,9.0,2,2,0,1,1,0,0,0,0,0,0.4,0.4,0.8,0.5025082111358643,1101
801,2015,Jon Edwards,SDP,11,44,3.48387097,6,1,0,4,4,3,8,0,0,16,0.171428571,0.318181818,0.457142857,0.3342851210724223,1483
802,2015,Chad Qualls,HOU,59,201,4.40816327,46,8,1,24,24,6,9,1,2,46,0.248648648,0.285,0.4,0.2928273701787593,2170
803,2015,Ricky Nolasco,MIN,9,173,6.75,50,14,1,31,28,3,14,2,1,35,0.32051282,0.375722543,0.48076923,0.3656400745375114,3830
804,2015,Johnny Cueto,KCR,13,340,4.6512605,98,19,3,43,41,9,16,0,2,55,0.30625,0.34218289,0.46875,0.3500892430280162,6893
805,2015,Nick Vincent,SDP,26,100,2.34782609,25,6,0,8,6,0,10,1,0,22,0.280898876,0.35,0.348314606,0.3076248855301828,7555
806,2015,Josh A. Smith,CIN,9,161,6.8877551,42,10,0,27,25,5,21,3,5,30,0.315789473,0.422360248,0.503759398,0.3963623209090172,10946
807,2015,Yhonathan Barrios,MIL,5,22,0.0,3,1,0,0,0,0,0,0,0,7,0.136363636,0.136363636,0.181818181,0.1371781013228676,11166
808,2015,David Goforth,MIL,19,100,3.97058823,27,4,0,12,10,4,8,2,0,23,0.306818181,0.357142857,0.488636363,0.3556559433539708,12166
